开奖时间,期号,中奖号码
2025-03-16,25028,3 4 1 6 9 7 3
2025-03-14,25027,8 2 3 5 6 0 12
2025-03-11,25026,9 5 4 3 4 8 12
2025-03-09,25025,8 8 6 4 0 1 14
2025-03-07,25024,9 0 7 0 7 0 0
2025-03-04,25023,1 2 4 5 5 7 8
2025-03-02,25022,1 2 0 4 0 6 5
2025-02-28,25021,3 2 2 1 2 8 13
2025-02-25,25020,7 9 8 2 0 5 9
2025-02-23,25019,0 5 0 5 2 3 10
2025-02-21,25018,6 9 6 6 4 2 10
2025-02-18,25017,1 3 0 6 6 8 10
2025-02-16,25016,9 1 5 4 7 6 11
2025-02-14,25015,0 3 6 5 4 9 13
2025-02-11,25014,6 7 5 1 3 5 3
2025-02-09,25013,3 7 4 7 9 0 7
2025-02-07,25012,4 5 6 7 9 5 11
2025-01-26,25011,1 8 7 2 7 9 14
2025-01-24,25010,3 4 8 4 1 0 3
2025-01-21,25009,8 3 7 8 7 4 6
2025-01-19,25008,1 1 3 8 2 4 10
2025-01-17,25007,0 2 7 5 0 2 1
2025-01-14,25006,6 6 4 1 2 5 11
2025-01-12,25005,1 6 3 3 2 4 3
2025-01-10,25004,4 7 2 0 0 2 5
2025-01-07,25003,8 9 3 5 4 8 11
2025-01-05,25002,6 9 6 4 2 8 14
2025-01-03,25001,2 3 3 0 9 2 0
2024-12-31,24151,7 6 4 0 8 5 0
2024-12-29,24150,3 4 6 7 6 6 10
2024-12-27,24149,0 7 0 8 4 8 2
2024-12-24,24148,4 6 5 0 9 8 11
2024-12-22,24147,4 8 2 9 0 4 6
2024-12-20,24146,0 2 6 2 0 9 13
2024-12-17,24145,9 1 3 8 7 0 4
2024-12-15,24144,3 9 9 3 5 9 10
2024-12-13,24143,2 8 7 1 2 9 4
2024-12-10,24142,5 8 9 9 3 2 9
2024-12-08,24141,1 5 8 5 1 3 8
2024-12-06,24140,2 9 6 1 2 6 3
2024-12-03,24139,9 7 0 1 5 4 5
2024-12-01,24138,4 6 5 1 7 2 14
2024-11-29,24137,3 9 1 9 2 8 0
2024-11-26,24136,7 7 7 8 1 6 1
2024-11-24,24135,0 2 5 3 9 7 12
2024-11-22,24134,1 3 9 8 8 8 10
2024-11-19,24133,2 7 7 2 9 5 5
2024-11-17,24132,5 4 2 8 0 3 5
2024-11-15,24131,5 2 2 9 9 3 12
2024-11-12,24130,7 8 0 0 8 3 6
2024-11-10,24129,4 0 6 6 4 7 5
2024-11-08,24128,9 3 0 0 9 8 1
2024-11-05,24127,7 7 6 5 8 2 2
2024-11-03,24126,9 8 0 2 5 1 0
2024-11-01,24125,9 9 2 9 9 0 11
2024-10-29,24124,3 7 7 5 3 0 9
2024-10-27,24123,0 3 1 6 2 1 10
2024-10-25,24122,3 7 6 8 2 1 11
2024-10-22,24121,2 0 7 8 8 1 4
2024-10-20,24120,0 8 3 0 4 8 4
2024-10-18,24119,0 7 3 1 9 5 6
2024-10-15,24118,9 9 6 9 7 0 6
2024-10-13,24117,1 4 8 4 7 5 6
2024-10-11,24116,0 4 6 7 3 4 9
2024-10-08,24115,8 4 4 8 8 9 5
2024-10-06,24114,7 8 1 6 7 4 1
2024-09-29,24113,2 4 6 3 4 4 10
2024-09-27,24112,5 3 1 6 7 3 4
2024-09-24,24111,3 4 2 4 1 1 0
2024-09-22,24110,5 4 1 5 4 1 5
2024-09-20,24109,9 6 9 3 2 1 14
2024-09-17,24108,3 7 5 7 6 2 14
2024-09-15,24107,3 8 5 7 9 0 2
2024-09-13,24106,3 4 9 3 2 8 5
2024-09-10,24105,1 4 4 0 2 0 2
2024-09-08,24104,5 0 8 2 6 8 0
2024-09-06,24103,0 6 2 5 8 5 6
2024-09-03,24102,4 9 7 2 2 9 8
2024-09-01,24101,6 2 5 0 3 3 6
2024-08-30,24100,8 8 7 2 8 5 12
2024-08-27,24099,1 1 7 7 7 1 3
2024-08-25,24098,2 4 3 9 5 7 9
2024-08-23,24097,9 8 0 1 5 0 2
2024-08-20,24096,2 2 7 5 9 0 6
2024-08-18,24095,7 6 9 0 3 6 2
2024-08-16,24094,6 3 3 3 5 6 6
2024-08-13,24093,2 3 0 0 7 9 13
2024-08-11,24092,3 0 4 7 2 2 8
2024-08-09,24091,7 6 1 1 9 4 4
2024-08-06,24090,4 6 1 6 8 0 3
2024-08-04,24089,2 9 2 0 1 6 8
2024-08-02,24088,5 6 3 9 9 1 1
2024-07-30,24087,0 1 1 7 6 3 0
2024-07-28,24086,7 5 8 0 3 4 11
2024-07-26,24085,4 3 7 6 3 7 4
2024-07-23,24084,1 5 6 6 5 3 9
2024-07-21,24083,4 6 6 2 0 8 10
2024-07-19,24082,5 7 7 6 7 7 0
2024-07-16,24081,2 7 4 8 2 5 1
2024-07-14,24080,4 5 9 7 9 0 0
2024-07-12,24079,8 3 2 0 4 9 11
2024-07-09,24078,9 3 4 9 1 3 11
2024-07-07,24077,6 2 3 2 8 8 0
2024-07-05,24076,2 4 1 2 4 8 4
2024-07-02,24075,6 5 9 8 8 1 11
2024-06-30,24074,5 2 8 1 7 9 5
2024-06-28,24073,7 4 1 7 8 3 10
2024-06-25,24072,5 4 2 7 7 6 12
2024-06-23,24071,3 9 9 2 2 7 5
2024-06-21,24070,5 5 8 8 3 8 14
2024-06-18,24069,8 0 7 2 1 8 2
2024-06-16,24068,6 5 8 3 2 3 7
2024-06-14,24067,3 4 6 4 3 0 8
2024-06-11,24066,7 1 5 6 3 4 0
2024-06-09,24065,9 5 5 1 4 4 6
2024-06-07,24064,8 4 4 4 2 1 10
2024-06-04,24063,6 3 1 5 3 6 3
2024-06-02,24062,4 7 3 1 8 9 6
2024-05-31,24061,1 5 9 0 3 7 1
2024-05-28,24060,2 4 7 0 7 1 1
2024-05-26,24059,7 0 8 5 2 6 4
2024-05-24,24058,3 9 3 1 7 8 12
2024-05-21,24057,1 9 6 8 6 2 10
2024-05-19,24056,8 6 3 3 8 9 8
2024-05-17,24055,6 5 2 7 6 3 14
2024-05-14,24054,8 6 2 3 1 4 7
2024-05-12,24053,1 9 6 3 6 9 10
2024-05-10,24052,1 3 5 0 9 4 14
2024-05-07,24051,5 6 5 5 7 7 1
2024-05-05,24050,4 9 6 9 2 6 3
2024-05-03,24049,3 5 3 8 8 1 1
2024-04-30,24048,5 5 6 7 0 2 5
2024-04-28,24047,4 2 7 6 4 5 2
2024-04-26,24046,4 3 8 5 2 4 6
2024-04-23,24045,5 2 9 7 6 9 7
2024-04-21,24044,1 9 9 6 7 0 2
2024-04-19,24043,6 7 2 3 3 8 11
2024-04-16,24042,8 0 1 5 3 0 2
2024-04-14,24041,9 8 9 8 8 8 1
2024-04-12,24040,6 2 2 0 7 2 7
2024-04-09,24039,1 5 5 3 1 2 9
2024-04-07,24038,7 8 9 9 2 2 4
2024-04-05,24037,1 1 0 8 1 9 0
2024-04-02,24036,1 7 5 5 2 9 8
2024-03-31,24035,5 0 7 9 7 9 7
2024-03-29,24034,9 1 7 3 3 5 3
2024-03-26,24033,8 3 4 0 2 1 12
2024-03-24,24032,7 5 6 9 5 7 4
2024-03-22,24031,5 6 8 6 3 6 8
2024-03-19,24030,7 5 8 2 7 9 3
2024-03-17,24029,0 4 1 5 7 2 8
2024-03-15,24028,7 9 2 5 6 4 3
2024-03-12,24027,3 1 4 3 4 8 1
2024-03-10,24026,2 6 1 0 4 7 10
2024-03-08,24025,4 1 8 1 3 0 13
2024-03-05,24024,2 0 4 4 6 2 1
2024-03-03,24023,4 0 2 0 4 4 13
2024-03-01,24022,1 6 7 6 4 6 6
2024-02-27,24021,1 9 6 4 7 5 6
2024-02-25,24020,1 6 5 3 2 3 14
2024-02-23,24019,5 8 2 7 4 5 4
2024-02-20,24018,9 4 7 8 2 1 0
2024-02-18,24017,1 3 9 5 7 1 3
2024-02-06,24016,5 9 3 5 8 4 10
2024-02-04,24015,2 1 1 7 4 0 11
2024-02-02,24014,3 7 1 9 0 5 5
2024-01-30,24013,1 0 2 1 6 6 4
2024-01-28,24012,1 5 7 3 4 5 10
2024-01-26,24011,2 1 9 2 5 9 10
2024-01-23,24010,6 7 9 3 1 1 4
2024-01-21,24009,4 3 5 1 8 7 9
2024-01-19,24008,5 9 9 0 9 2 1
2024-01-16,24007,2 0 9 9 7 2 3
2024-01-14,24006,3 2 3 4 1 6 4
2024-01-12,24005,9 1 7 5 9 5 7
2024-01-09,24004,3 4 1 1 8 2 6
2024-01-07,24003,0 5 1 4 6 2 11
2024-01-05,24002,8 9 2 9 2 1 11
2024-01-02,24001,9 8 8 4 3 1 9
2023-12-31,23151,3 2 8 5 7 0 11
2023-12-29,23150,1 6 1 2 9 3 5
2023-12-26,23149,8 3 5 9 2 8 6
2023-12-24,23148,0 4 8 1 0 6 3
2023-12-22,23147,7 3 1 1 8 1 9
2023-12-19,23146,1 2 9 8 0 1 6
2023-12-17,23145,5 1 6 2 4 4 8
2023-12-15,23144,1 2 1 9 7 0 0
2023-12-12,23143,1 2 6 0 9 5 13
2023-12-10,23142,3 3 8 6 1 5 3
2023-12-08,23141,5 1 4 4 6 2 6
2023-12-05,23140,0 0 0 3 6 9 2
2023-12-03,23139,6 1 4 6 1 4 9
2023-12-01,23138,4 6 7 2 7 5 7
2023-11-28,23137,7 8 6 4 7 6 13
2023-11-26,23136,7 9 7 1 9 1 5
2023-11-24,23135,4 6 9 5 5 5 9
2023-11-21,23134,9 9 0 6 5 8 11
2023-11-19,23133,3 4 5 6 9 3 10
2023-11-17,23132,7 2 0 7 9 3 1
2023-11-14,23131,4 7 4 2 3 5 2
2023-11-12,23130,7 5 6 8 0 9 12
2023-11-10,23129,4 4 0 4 5 4 11
2023-11-07,23128,5 2 1 2 7 4 11
2023-11-05,23127,7 3 1 1 7 9 5
2023-11-03,23126,2 8 1 9 6 3 10
2023-10-31,23125,0 8 5 6 7 1 9
2023-10-29,23124,8 3 0 9 5 1 8
2023-10-27,23123,2 3 5 2 3 4 11
2023-10-24,23122,3 6 1 5 9 8 12
2023-10-22,23121,8 5 6 8 3 4 10
2023-10-20,23120,6 9 3 6 7 8 14
2023-10-17,23119,9 1 9 2 5 5 10
2023-10-15,23118,4 0 4 5 4 4 11
2023-10-13,23117,6 9 3 5 8 2 4
2023-10-10,23116,1 2 5 5 3 5 6
2023-10-08,23115,0 8 1 0 7 7 10
2023-10-06,23114,6 1 5 3 3 1 14
2023-09-29,23113,2 5 1 9 8 0 3
2023-09-26,23112,1 8 1 6 8 8 9
2023-09-24,23111,5 3 8 8 4 8 14
2023-09-22,23110,3 5 1 4 3 0 6
2023-09-19,23109,3 8 3 1 9 7 0
2023-09-17,23108,0 1 9 8 9 9 13
2023-09-15,23107,0 2 0 5 6 4 5
2023-09-12,23106,0 5 8 1 2 5 7
2023-09-10,23105,3 2 9 7 6 1 0
2023-09-08,23104,9 4 4 8 2 8 10
2023-09-05,23103,3 4 0 8 9 5 11
2023-09-03,23102,5 9 0 4 3 1 0
2023-09-01,23101,5 6 6 2 9 8 6
2023-08-29,23100,9 4 3 9 3 1 6
2023-08-27,23099,9 5 4 5 3 6 14
2023-08-25,23098,1 6 0 9 4 9 1
2023-08-22,23097,7 6 4 5 6 3 14
2023-08-20,23096,4 5 6 2 8 4 11
2023-08-18,23095,9 3 3 7 7 9 11
2023-08-15,23094,3 6 4 2 2 8 2
2023-08-13,23093,1 8 0 0 3 7 2
2023-08-11,23092,2 1 1 1 2 6 5
2023-08-08,23091,9 9 3 9 5 3 4
2023-08-06,23090,3 3 9 1 8 7 12
2023-08-04,23089,3 2 2 5 1 4 8
2023-08-01,23088,5 6 2 5 0 7 10
2023-07-30,23087,4 1 1 1 3 6 14
2023-07-28,23086,7 0 9 8 2 5 5
2023-07-25,23085,9 7 4 6 7 3 8
2023-07-23,23084,0 1 5 8 7 0 10
2023-07-21,23083,4 9 9 1 2 3 4
2023-07-18,23082,6 4 3 8 3 8 11
2023-07-16,23081,3 1 0 7 1 9 14
2023-07-14,23080,8 4 1 7 8 6 10
2023-07-11,23079,8 5 2 7 9 4 5
2023-07-09,23078,3 4 4 7 1 2 5
2023-07-07,23077,4 7 7 1 0 8 14
2023-07-04,23076,9 9 3 2 5 8 4
2023-07-02,23075,5 4 2 3 1 9 1
2023-06-30,23074,0 8 1 6 3 2 12
2023-06-27,23073,3 0 7 7 7 0 9
2023-06-25,23072,8 7 0 2 5 8 4
2023-06-23,23071,4 9 9 3 1 2 4
2023-06-20,23070,8 7 9 2 6 2 9
2023-06-18,23069,4 2 8 8 2 7 5
2023-06-16,23068,9 1 0 1 0 1 11
2023-06-13,23067,2 9 0 3 0 6 1
2023-06-11,23066,2 2 4 3 8 5 3
2023-06-09,23065,3 0 9 6 9 2 6
2023-06-06,23064,2 6 1 5 7 7 0
2023-06-04,23063,6 2 1 9 3 2 5
2023-06-02,23062,6 2 6 9 2 9 5
2023-05-30,23061,4 7 1 1 2 4 9
2023-05-28,23060,8 7 1 4 2 9 13
2023-05-26,23059,7 3 6 0 7 2 2
2023-05-23,23058,1 9 2 8 7 5 12
2023-05-21,23057,0 4 2 1 8 4 5
2023-05-19,23056,6 4 8 8 8 7 13
2023-05-16,23055,7 8 6 5 0 6 7
2023-05-14,23054,9 9 9 9 2 7 8
2023-05-12,23053,5 5 7 7 4 3 2
2023-05-09,23052,1 7 3 6 7 1 7
2023-05-07,23051,0 3 0 9 5 5 2
2023-05-05,23050,4 0 9 8 7 3 7
2023-05-02,23049,8 7 9 5 6 1 9
2023-04-30,23048,1 1 7 8 0 7 12
2023-04-28,23047,9 0 0 5 1 0 5
2023-04-25,23046,3 8 2 8 4 1 12
2023-04-23,23045,1 4 5 3 3 0 5
2023-04-21,23044,8 1 3 5 3 8 5
2023-04-18,23043,1 4 5 3 8 3 9
2023-04-16,23042,0 2 0 5 6 0 5
2023-04-14,23041,8 6 0 0 4 5 1
2023-04-11,23040,8 2 1 4 6 5 3
2023-04-09,23039,0 7 3 0 7 4 5
2023-04-07,23038,1 8 5 8 3 5 1
2023-04-04,23037,1 9 5 0 9 0 6
2023-04-02,23036,9 8 0 9 6 5 12
2023-03-31,23035,6 1 7 1 2 3 1
2023-03-28,23034,7 2 4 5 0 6 13
2023-03-26,23033,6 8 8 2 1 6 14
2023-03-24,23032,0 8 0 4 1 4 10
2023-03-21,23031,4 5 0 7 2 6 10
2023-03-19,23030,1 1 4 4 8 5 10
2023-03-17,23029,3 6 0 8 0 7 4
2023-03-14,23028,5 1 2 6 0 1 13
2023-03-12,23027,8 6 9 8 6 4 12
2023-03-10,23026,0 7 3 3 2 2 4
2023-03-07,23025,7 8 5 4 3 3 9
2023-03-05,23024,6 6 9 2 0 8 1
2023-03-03,23023,5 6 0 0 8 5 12
2023-02-28,23022,7 9 9 7 7 6 11
2023-02-26,23021,6 1 6 8 2 6 7
2023-02-24,23020,2 2 5 4 9 5 3
2023-02-21,23019,1 7 4 7 6 7 2
2023-02-19,23018,2 8 0 4 2 3 4
2023-02-17,23017,6 6 5 7 2 9 1
2023-02-14,23016,5 2 7 8 1 8 10
2023-02-12,23015,7 5 7 3 9 2 9
2023-02-10,23014,1 5 2 4 1 6 11
2023-02-07,23013,5 8 2 4 4 1 13
2023-02-05,23012,4 7 6 3 0 0 0
2023-02-03,23011,7 6 8 9 5 9 1
2023-01-31,23010,3 3 9 4 2 9 5
2023-01-29,23009,0 4 2 2 4 2 14
2023-01-17,23008,2 8 3 2 7 8 11
2023-01-15,23007,2 5 2 8 0 7 7
2023-01-13,23006,4 1 0 4 9 4 9
2023-01-10,23005,0 0 4 2 6 2 11
2023-01-08,23004,1 2 5 7 7 9 7
2023-01-06,23003,9 0 1 0 2 9 10
2023-01-03,23002,9 8 4 3 0 4 10
2023-01-01,23001,3 5 0 9 7 8 12
2022-12-30,22150,9 6 9 0 9 0 13
2022-12-27,22149,6 9 8 2 2 4 3
2022-12-25,22148,7 2 9 3 3 1 9
2022-12-23,22147,4 7 1 3 7 8 7
2022-12-20,22146,1 2 0 1 4 1 5
2022-12-18,22145,7 1 6 3 8 8 6
2022-12-16,22144,2 8 7 9 7 7 5
2022-12-13,22143,5 0 4 6 8 6 2
2022-12-11,22142,3 0 3 6 2 7 12
2022-12-09,22141,0 6 0 3 6 7 13
2022-12-06,22140,8 2 4 8 0 4 10
2022-12-04,22139,1 3 3 6 4 9 3
2022-12-02,22138,8 4 5 1 1 4 6
2022-11-29,22137,2 3 9 4 9 0 9
2022-11-27,22136,5 2 2 3 5 4 12
2022-11-25,22135,8 8 1 3 0 7 11
2022-11-22,22134,4 7 9 6 7 2 6
2022-11-20,22133,1 4 7 8 6 1 4
2022-11-18,22132,2 4 7 9 1 2 8
2022-11-15,22131,0 8 2 6 5 1 2
2022-11-13,22130,7 8 0 3 4 8 4
2022-11-11,22129,8 7 3 3 4 0 7
2022-11-08,22128,2 3 6 9 7 1 12
2022-11-06,22127,8 9 4 7 0 0 13
2022-11-04,22126,3 4 4 5 3 3 13
2022-11-01,22125,5 1 9 4 0 5 14
2022-10-30,22124,3 8 4 5 4 9 0
2022-10-28,22123,1 4 6 4 9 8 12
2022-10-25,22122,2 6 4 7 4 9 5
2022-10-23,22121,6 2 8 3 4 9 11
2022-10-21,22120,6 0 8 3 9 4 7
2022-10-18,22119,0 7 8 8 1 6 5
2022-10-16,22118,8 1 0 7 7 1 12
2022-10-14,22117,3 1 2 5 6 9 5
2022-10-11,22116,2 5 9 7 9 1 4
2022-10-09,22115,8 2 3 4 5 0 13
2022-10-07,22114,8 8 9 5 2 6 13
2022-09-30,22113,7 9 1 6 7 3 7
2022-09-27,22112,8 9 2 0 1 1 11
2022-09-25,22111,0 5 0 5 2 0 5
2022-09-23,22110,4 7 7 1 0 8 12
2022-09-20,22109,9 4 8 0 6 8 14
2022-09-18,22108,2 8 5 7 7 2 10
2022-09-16,22107,9 6 3 1 4 7 5
2022-09-13,22106,5 8 0 0 7 9 3
2022-09-11,22105,4 2 3 4 9 4 6
2022-09-09,22104,3 9 5 0 1 6 2
2022-09-06,22103,2 0 2 0 2 3 12
2022-09-04,22102,7 2 5 7 0 5 9
2022-09-02,22101,3 7 7 6 9 0 11
2022-08-30,22100,0 7 4 2 5 6 6
2022-08-28,22099,9 7 9 4 2 0 10
2022-08-26,22098,1 6 8 5 4 4 12
2022-08-23,22097,5 1 0 5 6 2 11
2022-08-21,22096,1 7 8 7 0 6 10
2022-08-19,22095,3 5 7 0 1 6 14
2022-08-16,22094,4 1 6 3 3 1 14
2022-08-14,22093,4 1 7 7 7 4 0
2022-08-12,22092,8 7 8 3 7 5 4
2022-08-09,22091,1 7 9 2 0 7 9
2022-08-07,22090,4 2 4 2 6 2 4
2022-08-05,22089,9 8 7 7 3 1 13
2022-08-02,22088,6 9 6 2 6 4 6
2022-07-31,22087,7 8 0 7 3 9 13
2022-07-29,22086,4 6 4 9 6 3 2
2022-07-26,22085,5 6 7 7 8 7 0
2022-07-24,22084,9 4 2 8 9 2 11
2022-07-22,22083,3 9 2 5 4 1 12
2022-07-19,22082,9 5 2 9 7 0 8
2022-07-17,22081,6 5 2 5 6 2 0
2022-07-15,22080,0 3 9 9 8 0 13
2022-07-12,22079,9 3 0 5 4 3 6
2022-07-10,22078,6 9 4 2 8 8 2
2022-07-08,22077,6 5 1 0 3 0 11
2022-07-05,22076,1 7 8 5 3 8 5
2022-07-03,22075,3 5 3 9 0 8 8
2022-07-01,22074,2 9 0 3 1 1 14
2022-06-28,22073,8 3 8 3 6 1 13
2022-06-26,22072,4 1 3 8 9 3 9
2022-06-24,22071,7 1 7 2 6 2 12
2022-06-21,22070,1 6 8 6 9 9 5
2022-06-19,22069,3 1 3 5 7 0 13
2022-06-17,22068,8 3 9 1 6 8 4
2022-06-14,22067,3 1 0 5 6 8 13
2022-06-12,22066,0 1 2 8 7 2 13
2022-06-10,22065,8 4 1 4 4 7 8
2022-06-07,22064,6 3 8 3 3 0 7
2022-06-05,22063,9 7 1 6 9 2 7
2022-06-03,22062,4 2 1 0 3 0 3
2022-05-31,22061,6 5 6 5 4 1 13
2022-05-29,22060,1 3 1 4 4 9 9
2022-05-27,22059,6 1 9 1 4 3 3
2022-05-24,22058,4 4 1 7 4 0 14
2022-05-22,22057,8 5 6 6 8 9 0
2022-05-20,22056,6 5 6 3 5 0 14
2022-05-17,22055,3 1 9 4 6 2 13
2022-05-15,22054,3 7 3 7 1 9 1
2022-05-13,22053,3 5 9 2 0 4 13
2022-05-10,22052,7 3 9 1 5 6 11
2022-05-08,22051,4 6 8 2 8 8 6
2022-05-06,22050,5 5 3 4 2 4 0
2022-05-03,22049,4 9 0 1 7 0 5
2022-05-01,22048,6 5 3 3 9 4 14
2022-04-29,22047,2 9 5 1 6 3 9
2022-04-26,22046,4 5 0 1 1 3 8
2022-04-24,22045,5 6 0 4 0 9 8
2022-04-22,22044,5 0 5 6 9 9 6
2022-04-19,22043,6 5 6 5 6 4 2
2022-04-17,22042,9 6 4 2 0 1 5
2022-04-15,22041,4 2 6 5 1 9 3
2022-04-12,22040,2 9 5 8 8 9 0
2022-04-10,22039,0 9 3 3 3 6 9
2022-04-08,22038,1 9 5 5 7 7 12
2022-04-05,22037,9 3 5 0 1 2 3
2022-04-03,22036,3 2 1 0 1 6 9
2022-04-01,22035,2 9 1 6 5 8 3
2022-03-29,22034,0 4 3 0 6 5 9
2022-03-27,22033,5 8 3 5 1 1 13
2022-03-25,22032,9 3 9 8 2 1 13
2022-03-22,22031,7 1 8 0 8 5 7
2022-03-20,22030,2 8 4 9 2 5 8
2022-03-18,22029,6 1 6 1 3 5 7
2022-03-15,22028,1 1 2 8 1 4 5
2022-03-13,22027,9 1 1 3 2 3 7
2022-03-11,22026,1 6 4 8 1 7 1
2022-03-08,22025,6 6 0 4 6 6 3
2022-03-06,22024,8 2 6 5 3 5 12
2022-03-04,22023,5 1 2 3 7 2 11
2022-03-01,22022,4 1 0 4 8 1 12
2022-02-27,22021,6 1 3 0 2 9 0
2022-02-25,22020,2 6 5 9 5 0 1
2022-02-22,22019,8 8 0 6 3 0 6
2022-02-20,22018,7 4 9 4 7 3 0
2022-02-18,22017,7 0 5 4 9 8 13
2022-02-15,22016,6 4 6 5 6 6 9
2022-02-13,22015,1 2 8 9 9 1 8
2022-02-11,22014,3 1 3 8 2 5 6
2022-02-08,22013,5 7 6 6 5 4 8
2022-01-28,22012,2 3 1 2 3 8 9
2022-01-25,22011,8 0 2 9 2 9 10
2022-01-23,22010,1 1 5 8 3 9 0
2022-01-21,22009,9 3 5 6 8 4 8
2022-01-18,22008,6 2 7 6 5 8 5
2022-01-16,22007,6 2 1 9 8 1 7
2022-01-14,22006,8 7 5 8 8 0 9
2022-01-11,22005,3 9 9 8 5 4 12
2022-01-09,22004,9 0 6 2 4 4 11
2022-01-07,22003,4 3 5 3 9 7 0
2022-01-04,22002,6 6 3 6 8 8 13
2022-01-02,22001,3 4 5 6 7 1 14
2021-12-31,21151,6 1 3 6 6 1 13
2021-12-28,21150,8 8 4 6 3 8 5
2021-12-26,21149,7 8 0 8 0 7 9
2021-12-24,21148,6 4 0 0 2 4 4
2021-12-21,21147,1 6 0 2 7 9 3
2021-12-19,21146,0 1 3 8 0 1 11
2021-12-17,21145,6 0 7 3 0 2 4
2021-12-14,21144,4 7 4 8 3 9 2
2021-12-12,21143,8 0 6 4 5 6 10
2021-12-10,21142,3 2 0 4 1 1 13
2021-12-07,21141,4 0 4 7 0 0 13
2021-12-05,21140,9 8 2 7 1 0 7
2021-12-03,21139,2 8 3 0 6 0 14
2021-11-30,21138,2 3 6 6 6 9 9
2021-11-28,21137,5 6 4 6 2 3 11
2021-11-26,21136,5 3 2 7 0 5 2
2021-11-23,21135,4 3 6 2 3 3 9
2021-11-21,21134,2 8 1 3 9 2 8
2021-11-19,21133,0 2 7 2 5 1 11
2021-11-16,21132,1 0 6 1 2 0 6
2021-11-14,21131,1 2 4 9 9 2 6
2021-11-12,21130,1 1 5 3 4 5 6
2021-11-09,21129,1 8 3 1 1 7 7
2021-11-07,21128,7 6 4 1 0 5 9
2021-11-05,21127,2 3 2 9 3 4 0
2021-11-02,21126,7 8 6 1 9 8 2
2021-10-31,21125,0 6 5 3 7 7 11
2021-10-29,21124,7 2 4 1 1 3 12
2021-10-26,21123,2 4 2 0 0 7 0
2021-10-24,21122,6 8 8 1 6 8 3
2021-10-22,21121,5 9 5 7 0 2 8
2021-10-19,21120,3 4 3 7 8 1 10
2021-10-17,21119,5 6 2 6 8 9 14
2021-10-15,21118,8 2 1 3 7 6 0
2021-10-12,21117,6 9 6 1 7 9 9
2021-10-10,21116,7 7 0 3 4 0 7
2021-10-08,21115,5 3 7 8 0 6 11
2021-10-05,21114,8 4 0 1 8 7 14
2021-09-28,21113,0 5 4 0 1 8 5
2021-09-26,21112,1 0 2 4 6 6 6
2021-09-24,21111,1 9 9 9 0 5 5
2021-09-21,21110,7 1 9 6 4 9 7
2021-09-19,21109,4 3 0 7 9 4 13
2021-09-17,21108,4 7 0 0 8 7 8
2021-09-14,21107,3 9 3 1 9 2 0
2021-09-12,21106,4 7 9 0 2 8 5
2021-09-10,21105,3 8 2 8 1 3 2
2021-09-07,21104,0 1 8 2 5 7 9
2021-09-05,21103,5 5 6 9 9 8 3
2021-09-03,21102,1 1 6 4 7 6 4
2021-08-31,21101,8 1 5 6 0 8 10
2021-08-29,21100,0 2 3 5 5 9 14
2021-08-27,21099,4 0 0 3 7 8 7
2021-08-24,21098,1 0 7 7 9 6 5
2021-08-22,21097,0 5 5 4 4 5 0
2021-08-20,21096,6 0 5 5 9 3 13
2021-08-17,21095,4 6 5 7 6 7 6
2021-08-15,21094,4 8 1 5 7 1 1
2021-08-13,21093,7 5 6 7 3 9 8
2021-08-10,21092,9 9 7 9 1 2 14
2021-08-08,21091,8 6 9 4 7 3 5
2021-08-06,21090,2 6 8 7 0 4 6
2021-08-03,21089,3 8 5 9 8 3 10
2021-08-01,21088,9 7 5 6 2 5 5
2021-07-30,21087,3 6 2 9 8 8 3
2021-07-27,21086,1 1 9 4 2 0 0
2021-07-25,21085,0 3 5 9 3 2 7
2021-07-23,21084,4 3 1 6 6 7 0
2021-07-20,21083,9 8 8 4 7 9 13
2021-07-18,21082,4 7 5 1 3 5 5
2021-07-16,21081,5 2 7 3 0 3 4
2021-07-13,21080,7 2 2 8 2 4 7
2021-07-11,21079,1 1 2 5 0 8 11
2021-07-09,21078,0 7 3 3 1 8 7
2021-07-06,21077,1 2 8 6 2 6 11
2021-07-04,21076,8 1 6 8 0 0 3
2021-07-02,21075,1 9 5 4 2 7 10
2021-06-29,21074,2 0 7 2 1 5 12
2021-06-27,21073,3 5 9 3 3 4 5
2021-06-25,21072,2 5 4 8 7 5 11
2021-06-22,21071,7 6 3 7 5 3 11
2021-06-20,21070,2 0 3 3 6 9 11
2021-06-18,21069,2 5 4 9 5 3 2
2021-06-15,21068,8 8 4 8 5 1 14
2021-06-13,21067,7 0 8 8 8 1 3
2021-06-11,21066,5 9 1 0 4 4 2
2021-06-08,21065,8 7 4 0 8 6 10
2021-06-06,21064,2 0 2 5 5 5 3
2021-06-04,21063,9 5 4 8 2 9 3
2021-06-01,21062,8 6 1 1 8 7 2
2021-05-30,21061,4 5 4 6 0 2 8
2021-05-28,21060,6 0 4 5 8 4 7
2021-05-25,21059,8 9 6 6 6 2 14
2021-05-23,21058,4 1 5 7 1 4 12
2021-05-21,21057,8 6 1 1 5 2 7
2021-05-18,21056,3 8 1 0 0 3 11
2021-05-16,21055,5 1 8 4 7 3 14
2021-05-14,21054,4 9 6 6 4 9 4
2021-05-11,21053,1 4 3 6 4 6 11
2021-05-09,21052,7 3 3 5 5 8 14
2021-05-07,21051,4 6 0 0 3 9 14
2021-05-04,21050,3 1 9 0 3 0 2
2021-05-02,21049,3 4 4 4 0 5 14
2021-04-30,21048,2 3 9 6 2 1 5
2021-04-27,21047,4 0 1 9 8 3 13
2021-04-25,21046,9 3 5 9 5 3 14
2021-04-23,21045,2 6 0 0 2 8 14
2021-04-20,21044,0 4 4 9 6 3 5
2021-04-18,21043,4 6 0 2 1 3 5
2021-04-16,21042,1 9 6 3 9 7 2
2021-04-13,21041,7 2 8 8 9 0 14
2021-04-11,21040,4 9 3 9 5 0 12
2021-04-09,21039,0 7 0 2 8 4 14
2021-04-06,21038,1 5 8 1 4 1 11
2021-04-04,21037,7 8 1 0 0 2 13
2021-04-02,21036,2 3 3 9 5 1 2
2021-03-30,21035,1 3 6 5 7 8 4
2021-03-28,21034,3 5 2 3 1 1 3
2021-03-26,21033,0 7 6 2 3 7 9
2021-03-23,21032,4 5 2 5 2 0 0
2021-03-21,21031,8 6 8 6 1 7 1
2021-03-19,21030,0 2 9 2 6 3 10
2021-03-16,21029,5 5 4 4 0 8 6
2021-03-14,21028,9 3 5 4 4 4 6
2021-03-12,21027,9 3 7 6 3 2 0
2021-03-09,21026,3 9 9 2 1 7 4
2021-03-07,21025,4 4 1 8 0 0 10
2021-03-05,21024,5 6 5 1 7 2 3
2021-03-02,21023,9 3 9 7 9 2 14
2021-02-28,21022,0 2 5 9 2 6 0
2021-02-26,21021,2 8 5 4 8 5 8
2021-02-23,21020,9 9 4 0 0 3 14
2021-02-21,21019,4 5 9 0 8 2 6
2021-02-19,21018,7 9 2 7 8 0 1
2021-02-07,21017,5 2 2 0 7 9 11
2021-02-05,21016,7 5 2 9 1 8 4
2021-02-02,21015,7 7 6 5 4 8 11
2021-01-31,21014,7 7 1 7 6 2 11
2021-01-29,21013,6 7 2 0 4 4 9
2021-01-26,21012,0 3 7 0 1 1 9
2021-01-24,21011,5 6 5 6 3 0 4
2021-01-22,21010,4 8 1 5 5 7 6
2021-01-19,21009,9 7 9 0 8 8 5
2021-01-17,21008,5 0 7 4 3 7 14
2021-01-15,21007,1 8 2 9 0 1 12
2021-01-12,21006,2 3 9 2 5 4 13
2021-01-10,21005,0 9 5 3 7 0 0
2021-01-08,21004,0 0 7 8 4 9 1
2021-01-05,21003,9 7 2 3 8 1 14
2021-01-03,21002,7 0 7 0 7 8 8
2021-01-01,21001,5 2 1 0 3 5 13
2020-12-29,20133,1 9 5 9 0 2 12
2020-12-27,20132,5 5 2 9 7 9 6
2020-12-25,20131,8 5 0 0 3 8 9
2020-12-22,20130,5 3 9 8 0 6 4
2020-12-20,20129,7 8 3 9 1 8 5
2020-12-18,20128,4 2 9 7 1 8 1
2020-12-15,20127,3 5 8 5 8 2 13
2020-12-13,20126,9 7 1 3 8 3 13
2020-12-11,20125,1 9 1 1 7 4 6
2020-12-08,20124,4 1 0 9 5 2 11
2020-12-06,20123,7 7 1 6 4 1 4
2020-12-04,20122,6 0 1 9 8 7 9
2020-12-01,20121,1 2 7 9 8 4 9
2020-11-29,20120,5 0 4 0 4 8 14
2020-11-27,20119,2 2 2 7 2 3 7
2020-11-24,20118,7 5 1 1 6 8 14
2020-11-22,20117,7 9 0 5 0 6 5
2020-11-20,20116,9 7 3 0 3 1 10
2020-11-17,20115,1 3 4 8 8 5 4
2020-11-15,20114,8 8 7 3 4 5 0
2020-11-13,20113,4 9 8 0 0 3 4
2020-11-10,20112,0 4 4 4 9 4 6
2020-11-08,20111,3 3 9 0 5 8 14
2020-11-06,20110,6 4 5 7 5 8 2
2020-11-03,20109,9 1 9 4 1 8 3
2020-11-01,20108,3 3 2 0 5 1 6
2020-10-30,20107,2 3 8 9 3 7 0
2020-10-27,20106,3 1 8 9 0 8 1
2020-10-25,20105,4 1 7 1 8 2 4
2020-10-23,20104,5 0 9 9 3 1 0
2020-10-20,20103,0 8 1 6 5 3 6
2020-10-18,20102,9 5 3 3 3 3 9
2020-10-16,20101,3 6 9 5 4 3 12
2020-10-13,20100,5 6 0 0 2 1 7
2020-10-11,20099,2 3 8 1 1 5 0
2020-10-09,20098,1 2 9 2 1 6 0
2020-10-06,20097,9 7 9 3 0 9 4
2020-09-29,20096,4 3 5 6 2 9 7
2020-09-27,20095,2 5 2 2 8 8 2
2020-09-25,20094,6 9 0 8 5 5 4
2020-09-22,20093,6 9 3 0 0 5 0
2020-09-20,20092,8 8 3 2 6 7 9
2020-09-18,20091,2 3 3 3 9 3 6
2020-09-15,20090,2 5 1 7 8 6 1
2020-09-13,20089,9 3 3 6 8 6 3
2020-09-11,20088,5 5 8 9 8 5 7
2020-09-08,20087,1 3 9 2 1 0 8
2020-09-06,20086,7 2 4 2 3 8 9
2020-09-04,20085,1 4 5 9 5 9 9
2020-09-01,20084,4 8 4 1 5 5 2
2020-08-30,20083,8 4 4 3 1 1 2
2020-08-28,20082,0 0 4 4 1 5 1
2020-08-25,20081,1 7 9 0 5 9 5
2020-08-23,20080,5 8 3 6 8 8 6
2020-08-21,20079,0 3 0 9 6 4 1
2020-08-18,20078,5 3 1 1 6 6 2
2020-08-16,20077,0 0 6 1 8 7 9
2020-08-14,20076,4 8 9 0 8 7 9
2020-08-11,20075,9 7 0 5 5 3 5
2020-08-09,20074,9 7 9 3 8 2 7
2020-08-07,20073,5 9 1 0 4 5 6
2020-08-04,20072,0 1 9 3 7 1 4
2020-08-02,20071,5 7 7 1 1 3 4
2020-07-31,20070,4 7 8 6 2 8 7
2020-07-28,20069,3 1 1 4 5 1 5
2020-07-26,20068,9 6 8 0 8 5 4
2020-07-24,20067,5 6 9 2 8 1 5
2020-07-21,20066,8 4 3 8 3 2 8
2020-07-19,20065,9 2 8 5 6 6 4
2020-07-17,20064,4 2 5 4 4 6 8
2020-07-14,20063,5 8 7 2 3 3 0
2020-07-12,20062,9 3 6 4 1 4 9
2020-07-10,20061,9 4 1 5 7 1 1
2020-07-07,20060,4 2 1 0 4 9 7
2020-07-05,20059,5 2 8 6 8 8 9
2020-07-03,20058,5 3 3 8 0 1 8
2020-06-30,20057,8 3 2 3 3 7 1
2020-06-28,20056,8 2 6 5 5 5 3
2020-06-26,20055,9 5 7 2 0 4 6
2020-06-23,20054,5 2 8 2 7 8 6
2020-06-21,20053,8 2 0 5 9 3 3
2020-06-19,20052,5 3 4 8 9 3 6
2020-06-16,20051,1 0 3 9 2 3 3
2020-06-14,20050,4 6 7 4 8 4 4
2020-06-12,20049,3 1 0 3 8 5 0
2020-06-09,20048,1 5 7 3 2 6 6
2020-06-07,20047,7 8 8 5 4 1 9
2020-06-05,20046,5 9 5 0 2 4 0
2020-06-02,20045,5 4 8 0 4 3 2
2020-05-31,20044,7 9 7 2 1 4 7
2020-05-29,20043,7 7 5 7 0 8 6
2020-05-26,20042,3 2 2 0 8 1 3
2020-05-24,20041,4 9 3 5 1 9 7
2020-05-22,20040,8 9 3 8 2 5 4
2020-05-19,20039,3 7 2 7 6 3 7
2020-05-17,20038,3 8 0 6 3 4 5
2020-05-15,20037,9 5 3 5 2 7 0
2020-05-12,20036,5 2 7 7 6 9 6
2020-05-10,20035,3 1 8 4 1 2 3
2020-05-08,20034,2 4 8 9 3 9 0
2020-05-05,20033,7 4 8 3 9 0 5
2020-05-03,20032,2 6 3 3 9 2 3
2020-05-01,20031,7 5 2 5 3 2 5
2020-04-28,20030,2 2 8 3 2 1 1
2020-04-26,20029,2 7 6 0 2 1 4
2020-04-24,20028,1 3 1 7 8 4 8
2020-04-21,20027,8 9 4 4 6 2 7
2020-04-19,20026,9 3 3 9 2 9 4
2020-04-17,20025,5 3 2 1 1 5 7
2020-04-14,20024,8 1 5 1 5 0 7
2020-04-12,20023,7 5 3 3 6 0 5
2020-04-10,20022,3 1 5 0 6 7 0
2020-04-07,20021,7 0 3 1 8 4 1
2020-04-05,20020,3 3 2 9 1 7 2
2020-04-03,20019,4 8 1 4 2 0 7
2020-03-31,20018,6 1 8 3 3 3 9
2020-03-29,20017,7 4 5 5 5 3 7
2020-03-27,20016,2 6 6 1 3 1 8
2020-03-24,20015,5 8 6 2 2 2 0
2020-03-22,20014,6 6 0 2 4 4 0
2020-03-20,20013,4 5 8 5 1 0 1
2020-03-17,20012,7 3 6 8 2 1 4
2020-03-15,20011,7 8 8 7 5 8 6
2020-03-13,20010,3 3 3 1 4 1 7
2020-01-21,20009,6 7 4 2 4 1 4
2020-01-19,20008,7 0 8 2 6 0 4
2020-01-17,20007,9 4 3 1 8 4 0
2020-01-14,20006,0 9 0 8 9 9 8
2020-01-12,20005,9 4 5 0 5 0 8
2020-01-10,20004,9 5 9 1 3 7 8
2020-01-07,20003,4 2 2 2 9 7 5
2020-01-05,20002,3 1 0 8 2 2 1
2020-01-03,20001,6 7 9 4 5 1 9
2019-12-31,19151,1 7 1 0 4 4 3
2019-12-29,19150,5 5 9 9 7 1 3
2019-12-27,19149,4 0 5 1 6 5 3
2019-12-24,19148,7 8 9 8 1 8 2
2019-12-22,19147,8 1 4 6 9 6 1
2019-12-20,19146,5 4 6 4 9 2 6
2019-12-17,19145,1 6 9 8 9 3 3
2019-12-15,19144,1 8 4 8 7 4 1
2019-12-13,19143,8 3 8 3 0 5 5
2019-12-10,19142,1 4 3 5 3 0 7
2019-12-08,19141,1 1 3 0 9 0 7
2019-12-06,19140,7 2 8 0 5 0 8
2019-12-03,19139,2 1 5 6 6 0 6
2019-12-01,19138,9 1 5 5 9 7 5
2019-11-29,19137,9 4 6 2 2 8 4
2019-11-26,19136,5 5 7 3 7 9 5
2019-11-24,19135,9 7 6 5 2 6 7
2019-11-22,19134,4 2 0 3 4 3 7
2019-11-19,19133,5 5 9 3 5 5 3
2019-11-17,19132,6 1 3 8 8 2 0
2019-11-15,19131,8 2 4 1 3 8 9
2019-11-12,19130,0 7 9 0 2 5 6
2019-11-10,19129,0 3 2 2 1 0 8
2019-11-08,19128,6 9 5 5 9 4 8
2019-11-05,19127,8 4 8 1 2 3 9
2019-11-03,19126,7 3 3 6 0 4 7
2019-11-01,19125,4 4 9 9 7 2 8
2019-10-29,19124,9 5 1 8 1 5 6
2019-10-27,19123,7 8 1 2 3 5 0
2019-10-25,19122,6 8 7 0 9 9 0
2019-10-22,19121,3 3 9 8 4 7 9
2019-10-20,19120,8 4 0 3 0 2 6
2019-10-18,19119,9 5 9 2 2 1 7
2019-10-15,19118,3 7 8 1 9 2 7
2019-10-13,19117,2 7 0 3 7 1 9
2019-10-11,19116,3 0 5 8 8 0 3
2019-10-08,19115,4 6 8 3 5 8 6
2019-09-29,19114,2 7 7 4 9 9 0
2019-09-27,19113,6 5 9 9 8 4 4
2019-09-24,19112,1 4 1 7 8 9 2
2019-09-22,19111,5 0 3 5 0 2 2
2019-09-20,19110,6 9 2 8 9 2 3
2019-09-17,19109,4 3 9 9 8 8 2
2019-09-15,19108,0 8 0 1 9 7 9
2019-09-13,19107,9 2 0 2 0 3 4
2019-09-10,19106,8 7 3 4 3 5 6
2019-09-08,19105,2 3 9 3 3 4 0
2019-09-06,19104,5 4 5 6 0 7 9
2019-09-03,19103,0 6 3 1 5 9 6
2019-09-01,19102,1 0 5 3 9 6 0
2019-08-30,19101,0 5 6 3 2 5 6
2019-08-27,19100,0 7 8 7 8 6 9
2019-08-25,19099,9 7 7 3 0 1 7
2019-08-23,19098,6 0 5 3 8 0 9
2019-08-20,19097,6 1 6 5 4 4 5
2019-08-18,19096,2 4 6 0 3 2 8
2019-08-16,19095,3 9 0 8 3 6 3
2019-08-13,19094,4 0 8 5 6 3 5
2019-08-11,19093,7 6 0 9 8 4 5
2019-08-09,19092,8 8 1 1 1 7 2
2019-08-06,19091,3 8 5 5 1 8 7
2019-08-04,19090,0 0 6 8 6 6 6
2019-08-02,19089,5 8 6 3 2 1 7
2019-07-30,19088,6 2 9 9 7 8 9
2019-07-28,19087,1 6 8 1 3 0 0
2019-07-26,19086,2 3 5 3 2 9 0
2019-07-23,19085,7 1 9 8 1 4 1
2019-07-21,19084,6 4 7 9 0 0 3
2019-07-19,19083,0 4 9 5 9 1 1
2019-07-16,19082,0 6 7 3 8 7 4
2019-07-14,19081,4 3 0 7 8 1 5
2019-07-12,19080,3 2 5 5 8 1 1
2019-07-09,19079,9 8 5 4 2 0 5
2019-07-07,19078,4 0 7 0 3 9 3
2019-07-05,19077,4 2 5 1 0 3 4
2019-07-02,19076,2 5 9 7 8 1 1
2019-06-30,19075,8 3 3 2 6 5 5
2019-06-28,19074,0 9 5 6 2 0 5
2019-06-25,19073,2 2 4 5 5 2 9
2019-06-23,19072,8 6 1 0 4 9 6
2019-06-21,19071,2 4 9 8 4 8 2
2019-06-18,19070,4 2 4 9 9 7 2
2019-06-16,19069,6 6 8 0 1 4 7
2019-06-14,19068,6 6 3 3 8 0 9
2019-06-11,19067,0 8 8 5 9 7 4
2019-06-09,19066,6 7 7 8 6 1 0
2019-06-07,19065,4 3 3 6 2 2 7
2019-06-04,19064,1 7 1 2 2 3 3
2019-06-02,19063,1 2 8 2 6 4 8
2019-05-31,19062,5 4 7 4 1 2 8
2019-05-28,19061,2 9 8 8 9 6 7
2019-05-26,19060,1 8 4 7 9 2 8
2019-05-24,19059,0 1 9 7 0 2 6
2019-05-21,19058,5 8 9 9 5 1 8
2019-05-19,19057,9 9 7 5 2 0 3
2019-05-17,19056,6 7 7 6 4 4 2
2019-05-14,19055,5 8 0 6 8 7 7
2019-05-12,19054,1 6 0 7 4 6 1
2019-05-10,19053,7 6 7 9 3 2 4
2019-05-07,19052,8 5 0 7 8 3 8
2019-05-05,19051,2 9 1 5 4 9 7
2019-05-03,19050,2 6 0 2 0 8 9
2019-04-30,19049,2 5 8 9 9 1 6
2019-04-28,19048,6 8 2 4 2 9 8
2019-04-26,19047,6 7 3 2 7 8 6
2019-04-23,19046,2 9 5 5 1 1 2
2019-04-21,19045,9 7 7 3 8 7 9
2019-04-19,19044,8 2 0 6 3 0 8
2019-04-16,19043,8 1 4 4 7 3 7
2019-04-14,19042,2 6 0 8 2 6 2
2019-04-12,19041,6 0 2 5 8 5 1
2019-04-09,19040,4 8 1 4 8 8 2
2019-04-07,19039,7 7 3 1 4 2 8
2019-04-05,19038,0 0 1 7 9 9 5
2019-04-02,19037,2 1 1 0 3 9 8
2019-03-31,19036,5 7 5 2 0 0 8
2019-03-29,19035,3 8 7 3 6 1 8
2019-03-26,19034,3 0 2 8 0 0 0
2019-03-24,19033,1 1 0 0 5 5 2
2019-03-22,19032,2 9 0 2 5 2 2
2019-03-19,19031,1 7 4 1 2 0 3
2019-03-17,19030,7 9 3 8 6 2 7
2019-03-15,19029,3 5 3 4 6 0 3
2019-03-12,19028,2 4 5 1 6 5 1
2019-03-10,19027,9 1 4 8 3 2 8
2019-03-08,19026,3 7 9 0 5 5 7
2019-03-05,19025,3 4 6 6 6 5 0
2019-03-03,19024,2 9 4 1 8 3 5
2019-03-01,19023,5 2 5 5 3 5 7
2019-02-26,19022,4 4 8 7 7 2 6
2019-02-24,19021,2 5 0 8 7 5 0
2019-02-22,19020,6 7 1 1 4 9 3
2019-02-19,19019,4 7 9 7 9 5 3
2019-02-17,19018,5 9 4 1 0 1 2
2019-02-15,19017,2 4 9 3 5 5 9
2019-02-12,19016,0 2 0 7 0 6 0
2019-02-03,19015,3 9 9 3 0 7 2
2019-02-01,19014,6 6 3 0 8 4 9
2019-01-29,19013,3 1 7 8 8 6 2
2019-01-27,19012,6 2 1 4 2 4 1
2019-01-25,19011,9 1 8 7 5 3 5
2019-01-22,19010,2 8 2 3 8 3 9
2019-01-20,19009,7 1 9 7 1 8 9
2019-01-18,19008,8 7 3 9 5 4 7
2019-01-15,19007,2 8 4 0 6 8 9
2019-01-13,19006,0 6 2 4 7 5 5
2019-01-11,19005,4 9 1 5 2 7 6
2019-01-08,19004,4 4 6 0 9 2 2
2019-01-06,19003,9 9 5 0 5 4 4
2019-01-04,19002,1 1 6 4 4 7 5
2019-01-01,19001,6 5 9 6 6 2 9
2018-12-30,18153,6 5 6 9 9 4 7
2018-12-28,18152,4 7 2 7 6 2 7
2018-12-25,18151,7 1 4 4 9 5 9
2018-12-23,18150,2 6 0 2 0 0 9
2018-12-21,18149,5 7 6 6 2 0 7
2018-12-18,18148,2 3 3 2 0 9 4
2018-12-16,18147,5 1 4 1 8 0 0
2018-12-14,18146,2 6 8 9 9 5 9
2018-12-11,18145,7 2 9 6 2 8 8
2018-12-09,18144,7 1 5 6 6 9 1
2018-12-07,18143,4 2 2 1 6 6 9
2018-12-04,18142,5 0 0 1 4 0 7
2018-12-02,18141,5 3 9 5 3 4 4
2018-11-30,18140,5 5 8 0 9 1 4
2018-11-27,18139,7 3 3 5 2 7 8
2018-11-25,18138,8 9 0 2 9 0 0
2018-11-23,18137,5 3 1 0 9 7 6
2018-11-20,18136,2 4 7 6 7 0 0
2018-11-18,18135,5 8 8 1 1 2 2
2018-11-16,18134,3 7 8 4 8 1 9
2018-11-13,18133,9 6 8 7 3 7 1
2018-11-11,18132,1 6 3 3 4 7 7
2018-11-09,18131,1 9 9 1 5 1 9
2018-11-06,18130,0 1 1 6 4 6 6
2018-11-04,18129,6 1 3 5 0 9 9
2018-11-02,18128,1 6 0 3 2 5 4
2018-10-30,18127,1 0 3 3 1 2 1
2018-10-28,18126,5 9 2 0 3 5 0
2018-10-26,18125,1 5 1 6 5 1 9
2018-10-23,18124,8 3 2 2 6 5 8
2018-10-21,18123,8 5 3 9 8 1 4
2018-10-19,18122,4 8 2 3 1 2 3
2018-10-16,18121,9 4 3 7 4 6 6
2018-10-14,18120,1 8 1 2 1 1 0
2018-10-12,18119,7 3 1 4 9 5 9
2018-10-09,18118,9 4 8 2 9 4 7
2018-10-07,18117,2 6 2 9 8 4 8
2018-10-05,18116,6 2 8 4 6 9 9
2018-10-02,18115,0 0 5 8 7 2 6
2018-09-30,18114,0 5 4 3 7 8 3
2018-09-28,18113,9 3 4 5 4 1 5
2018-09-25,18112,8 3 9 9 6 1 4
2018-09-23,18111,5 5 9 0 7 2 1
2018-09-21,18110,2 9 3 9 0 4 4
2018-09-18,18109,3 7 5 1 7 8 5
2018-09-16,18108,6 4 7 3 3 6 8
2018-09-14,18107,4 3 0 3 6 2 5
2018-09-11,18106,8 3 5 9 1 0 8
2018-09-09,18105,5 5 3 2 9 1 1
2018-09-07,18104,4 5 1 6 3 0 3
2018-09-04,18103,1 7 8 3 9 5 5
2018-09-02,18102,0 1 4 5 8 5 3
2018-08-31,18101,9 5 1 6 8 6 9
2018-08-28,18100,7 8 6 5 8 4 0
2018-08-26,18099,4 8 6 5 8 7 6
2018-08-24,18098,4 9 8 6 2 1 2
2018-08-21,18097,7 7 5 7 2 3 3
2018-08-19,18096,5 5 0 0 7 6 0
2018-08-17,18095,9 6 0 1 6 3 0
2018-08-14,18094,1 2 5 6 4 9 7
2018-08-12,18093,8 0 9 3 9 6 1
2018-08-10,18092,9 7 5 2 5 9 1
2018-08-07,18091,0 7 6 3 1 3 3
2018-08-05,18090,8 7 8 8 7 6 6
2018-08-03,18089,1 9 6 1 8 6 7
2018-07-31,18088,4 8 7 6 7 5 3
2018-07-29,18087,3 7 4 1 6 6 5
2018-07-27,18086,6 0 9 8 0 3 4
2018-07-24,18085,6 0 9 6 1 6 0
2018-07-22,18084,4 4 9 5 5 9 7
2018-07-20,18083,4 0 7 2 6 1 9
2018-07-17,18082,1 1 0 4 1 9 2
2018-07-15,18081,5 4 1 8 8 6 4
2018-07-13,18080,8 3 4 4 0 4 9
2018-07-10,18079,1 1 7 5 9 5 1
2018-07-08,18078,3 4 8 8 0 1 4
2018-07-06,18077,6 1 5 3 0 4 7
2018-07-03,18076,3 1 1 2 8 2 9
2018-07-01,18075,1 6 6 2 7 3 8
2018-06-29,18074,1 4 8 6 0 9 7
2018-06-26,18073,3 9 6 5 8 0 0
2018-06-24,18072,7 9 6 5 7 5 8
2018-06-22,18071,0 5 0 6 3 6 6
2018-06-19,18070,6 6 5 9 4 2 9
2018-06-17,18069,1 0 0 4 3 0 8
2018-06-15,18068,2 7 7 6 4 4 9
2018-06-12,18067,7 5 4 7 3 5 6
2018-06-10,18066,5 5 0 3 4 5 0
2018-06-08,18065,2 6 4 1 3 0 0
2018-06-05,18064,9 6 1 1 0 3 4
2018-06-03,18063,1 9 5 1 5 8 1
2018-06-01,18062,2 6 8 3 4 7 3
2018-05-29,18061,0 0 4 9 6 3 7
2018-05-27,18060,2 2 7 0 8 9 2
2018-05-25,18059,8 3 1 4 6 7 6
2018-05-22,18058,9 1 6 4 7 5 9
2018-05-20,18057,9 4 0 0 1 9 2
2018-05-18,18056,4 7 2 3 0 5 3
2018-05-15,18055,9 0 6 9 4 1 8
2018-05-13,18054,7 2 8 9 7 7 4
2018-05-11,18053,1 4 7 2 5 4 7
2018-05-08,18052,3 7 7 8 0 6 8
2018-05-06,18051,6 5 6 9 6 3 3
2018-05-04,18050,8 0 1 2 2 5 3
2018-05-01,18049,7 4 5 1 3 1 7
2018-04-29,18048,8 2 0 8 8 4 0
2018-04-27,18047,3 8 4 0 8 3 0
2018-04-24,18046,0 2 2 4 6 6 3
2018-04-22,18045,6 6 5 0 9 0 9
2018-04-20,18044,7 3 6 8 6 2 9
2018-04-17,18043,0 7 5 0 1 3 9
2018-04-15,18042,4 7 4 0 2 5 1
2018-04-13,18041,6 2 8 9 9 5 3
2018-04-10,18040,6 5 4 4 3 6 2
2018-04-08,18039,6 6 3 3 3 5 8
2018-04-06,18038,7 2 8 3 9 3 9
2018-04-03,18037,6 8 2 0 2 9 8
2018-04-01,18036,4 4 6 4 2 3 7
2018-03-30,18035,6 3 8 2 6 0 7
2018-03-27,18034,3 7 3 7 3 8 5
2018-03-25,18033,6 3 5 6 9 1 1
2018-03-23,18032,8 0 8 4 3 8 1
2018-03-20,18031,3 7 0 8 6 8 1
2018-03-18,18030,8 0 0 1 6 2 3
2018-03-16,18029,6 3 9 8 4 1 1
2018-03-13,18028,9 8 1 9 8 6 7
2018-03-11,18027,9 6 9 7 6 5 1
2018-03-09,18026,8 0 3 1 1 3 0
2018-03-06,18025,9 6 8 6 0 7 5
2018-03-04,18024,1 9 6 2 7 2 7
2018-03-02,18023,9 0 2 4 1 5 3
2018-02-27,18022,4 1 3 4 7 3 0
2018-02-25,18021,4 9 8 6 3 6 1
2018-02-23,18020,4 0 6 5 6 1 1
2018-02-13,18019,4 6 4 1 0 5 6
2018-02-11,18018,3 2 5 9 9 5 8
2018-02-09,18017,3 9 6 0 9 7 1
2018-02-06,18016,6 9 3 3 9 4 7
2018-02-04,18015,2 8 9 6 0 6 7
2018-02-02,18014,0 7 2 7 1 6 9
2018-01-30,18013,2 3 8 5 1 6 7
2018-01-28,18012,3 9 2 7 5 4 1
2018-01-26,18011,9 8 9 2 1 0 3
2018-01-23,18010,5 1 1 8 1 3 6
2018-01-21,18009,4 9 9 8 8 6 7
2018-01-19,18008,7 9 4 8 4 7 0
2018-01-16,18007,1 0 4 6 9 4 4
2018-01-14,18006,0 5 8 8 1 5 2
2018-01-12,18005,3 2 8 5 0 6 4
2018-01-09,18004,2 5 9 2 2 9 7
2018-01-07,18003,6 5 3 2 5 5 0
2018-01-05,18002,9 5 1 6 4 1 4
2018-01-02,18001,7 9 8 5 5 4 9
2017-12-31,17154,0 9 5 6 2 3 2
2017-12-29,17153,9 7 6 2 1 8 9
2017-12-26,17152,6 4 0 4 8 6 6
2017-12-24,17151,4 9 2 8 1 6 3
2017-12-22,17150,4 2 6 5 0 4 6
2017-12-19,17149,9 4 1 7 1 1 6
2017-12-17,17148,1 0 4 6 0 5 5
2017-12-15,17147,6 4 8 4 3 0 1
2017-12-12,17146,3 9 7 4 2 1 3
2017-12-10,17145,7 4 5 2 0 0 0
2017-12-08,17144,6 3 8 0 5 5 2
2017-12-05,17143,4 7 6 3 7 6 6
2017-12-03,17142,5 1 9 9 8 2 5
2017-12-01,17141,4 4 6 0 5 0 7
2017-11-28,17140,0 6 9 1 1 0 7
2017-11-26,17139,9 1 7 6 3 1 8
2017-11-24,17138,0 2 6 8 6 5 5
2017-11-21,17137,3 7 2 9 0 5 4
2017-11-19,17136,9 0 4 3 1 8 1
2017-11-17,17135,2 3 4 6 9 6 4
2017-11-14,17134,1 8 3 7 2 2 6
2017-11-12,17133,4 6 2 9 0 9 4
2017-11-10,17132,8 5 8 2 6 6 3
2017-11-07,17131,6 5 9 3 4 9 7
2017-11-05,17130,9 4 1 4 1 9 6
2017-11-03,17129,4 8 0 7 0 3 8
2017-10-31,17128,0 1 1 3 7 0 2
2017-10-29,17127,1 3 6 3 6 2 2
2017-10-27,17126,5 3 0 4 5 5 2
2017-10-24,17125,4 4 4 4 2 8 3
2017-10-22,17124,1 2 8 6 2 2 0
2017-10-20,17123,4 3 2 6 2 3 3
2017-10-17,17122,1 5 0 0 6 0 2
2017-10-15,17121,5 1 6 1 2 0 9
2017-10-13,17120,1 2 8 3 8 7 8
2017-10-10,17119,2 6 6 5 0 3 6
2017-10-08,17118,0 7 4 7 6 1 5
2017-10-06,17117,9 0 4 5 5 6 3
2017-10-03,17116,9 2 2 9 0 4 7
2017-10-01,17115,9 7 9 2 5 4 0
2017-09-29,17114,8 5 8 8 1 1 9
2017-09-26,17113,4 7 4 2 9 1 6
2017-09-24,17112,0 5 4 5 3 3 3
2017-09-22,17111,8 1 0 4 3 0 4
2017-09-19,17110,0 1 8 3 0 2 8
2017-09-17,17109,2 9 8 7 9 3 6
2017-09-15,17108,8 0 3 2 0 0 1
2017-09-12,17107,4 1 7 9 0 1 1
2017-09-10,17106,6 7 1 6 5 2 8
2017-09-08,17105,4 3 6 5 7 8 2
2017-09-05,17104,1 3 3 8 7 1 4
2017-09-03,17103,7 0 6 7 2 7 4
2017-09-01,17102,1 4 6 7 5 5 4
2017-08-29,17101,9 7 6 0 7 9 5
2017-08-27,17100,6 8 8 3 8 6 1
2017-08-25,17099,0 5 1 3 7 2 5
2017-08-22,17098,3 3 7 5 4 0 6
2017-08-20,17097,2 7 4 9 4 9 8
2017-08-18,17096,9 5 0 3 6 6 7
2017-08-15,17095,6 8 5 6 9 6 7
2017-08-13,17094,2 7 0 6 3 2 8
2017-08-11,17093,1 5 8 7 8 1 9
2017-08-08,17092,1 2 8 5 8 4 4
2017-08-06,17091,0 6 2 6 9 5 9
2017-08-04,17090,6 2 0 5 4 0 7
2017-08-01,17089,3 2 1 9 5 3 5
2017-07-30,17088,5 8 2 7 8 3 8
2017-07-28,17087,8 1 5 5 1 8 7
2017-07-25,17086,4 1 7 4 2 6 6
2017-07-23,17085,4 9 5 8 7 4 6
2017-07-21,17084,2 2 8 5 6 0 6
2017-07-18,17083,2 3 6 0 7 5 0
2017-07-16,17082,1 3 6 2 0 9 8
2017-07-14,17081,6 7 4 5 0 8 2
2017-07-11,17080,4 3 8 9 2 4 4
2017-07-09,17079,6 0 9 6 8 8 1
2017-07-07,17078,5 3 1 1 9 0 0
2017-07-04,17077,2 4 2 3 6 9 9
2017-07-02,17076,2 2 9 4 8 1 9
2017-06-30,17075,3 3 2 3 5 0 1
2017-06-27,17074,6 3 7 5 0 6 2
2017-06-25,17073,7 2 3 0 0 2 4
2017-06-23,17072,5 5 9 1 6 7 4
2017-06-20,17071,3 4 2 7 0 7 1
2017-06-18,17070,4 7 7 7 0 0 7
2017-06-16,17069,1 2 2 5 9 6 8
2017-06-13,17068,3 6 3 5 3 1 8
2017-06-11,17067,0 0 3 0 7 9 3
2017-06-09,17066,4 5 6 0 7 8 9
2017-06-06,17065,6 6 0 9 8 8 7
2017-06-04,17064,5 5 5 0 0 8 2
2017-06-02,17063,9 0 7 8 6 9 3
2017-05-30,17062,4 9 6 1 5 2 5
2017-05-28,17061,6 5 6 7 8 0 7
2017-05-26,17060,1 7 7 6 3 4 5
2017-05-23,17059,9 8 2 5 2 5 5
2017-05-21,17058,5 0 5 4 4 1 4
2017-05-19,17057,9 9 5 1 0 4 2
2017-05-16,17056,1 8 1 4 0 1 4
2017-05-14,17055,2 4 5 1 9 4 4
2017-05-12,17054,2 6 3 9 8 0 1
2017-05-09,17053,6 6 6 6 4 5 8
2017-05-07,17052,3 3 5 1 8 8 5
2017-05-05,17051,0 1 3 6 4 9 5
2017-05-02,17050,2 5 3 6 3 0 8
2017-04-30,17049,8 0 8 1 5 9 8
2017-04-28,17048,6 0 6 7 7 2 9
2017-04-25,17047,3 9 0 3 7 5 4
2017-04-23,17046,2 5 1 6 5 2 9
2017-04-21,17045,1 9 4 0 0 5 8
2017-04-18,17044,9 6 8 7 1 8 9
2017-04-16,17043,2 2 5 5 7 8 7
2017-04-14,17042,6 6 8 4 6 8 0
2017-04-11,17041,5 5 6 9 6 1 9
2017-04-09,17040,4 2 8 6 0 7 5
2017-04-07,17039,1 0 2 1 5 2 0
2017-04-04,17038,4 5 1 5 4 4 6
2017-04-02,17037,3 2 6 5 9 3 7
2017-03-31,17036,6 2 7 4 0 2 6
2017-03-28,17035,3 5 2 5 7 6 8
2017-03-26,17034,2 2 7 3 6 5 2
2017-03-24,17033,5 1 1 8 3 2 0
2017-03-21,17032,3 1 0 6 1 1 4
2017-03-19,17031,4 4 6 0 5 2 0
2017-03-17,17030,1 1 3 7 8 9 7
2017-03-14,17029,3 9 6 0 6 1 2
2017-03-12,17028,2 2 7 1 8 8 3
2017-03-10,17027,3 4 5 8 0 4 8
2017-03-07,17026,2 0 3 8 8 5 2
2017-03-05,17025,8 8 9 8 0 5 7
2017-03-03,17024,3 1 6 8 6 6 8
2017-02-28,17023,3 2 0 9 1 6 9
2017-02-26,17022,8 7 8 3 7 3 5
2017-02-24,17021,1 7 2 9 2 9 1
2017-02-21,17020,6 1 8 8 9 0 0
2017-02-19,17019,1 1 2 7 8 0 4
2017-02-17,17018,4 2 4 5 6 2 7
2017-02-14,17017,9 3 2 1 1 9 0
2017-02-12,17016,2 4 6 6 1 4 0
2017-02-10,17015,9 4 1 1 6 6 8
2017-02-07,17014,3 8 2 4 9 7 0
2017-02-05,17013,9 3 9 4 8 0 8
2017-02-03,17012,7 7 7 6 8 5 2
2017-01-24,17011,0 6 0 7 4 7 4
2017-01-22,17010,0 9 7 1 8 2 1
2017-01-20,17009,2 0 0 9 1 0 9
2017-01-17,17008,1 0 0 0 2 3 4
2017-01-15,17007,8 8 2 7 2 7 6
2017-01-13,17006,2 0 9 0 9 0 6
2017-01-10,17005,3 8 4 7 1 1 6
2017-01-08,17004,5 2 9 6 8 6 4
2017-01-06,17003,6 3 8 7 4 8 5
2017-01-03,17002,4 8 7 8 7 6 1
2017-01-01,17001,2 5 3 5 3 8 9
2016-12-30,16154,0 5 1 4 4 9 1
2016-12-27,16153,1 3 8 3 6 2 5
2016-12-25,16152,3 5 1 3 3 0 0
2016-12-23,16151,1 6 9 2 4 9 1
2016-12-20,16150,1 0 8 9 5 1 1
2016-12-18,16149,0 0 6 1 7 5 5
2016-12-16,16148,8 7 2 5 6 0 3
2016-12-13,16147,4 7 5 2 8 7 7
2016-12-11,16146,0 5 8 2 0 0 2
2016-12-09,16145,7 3 1 3 0 2 1
2016-12-06,16144,0 5 4 7 1 8 6
2016-12-04,16143,6 1 7 1 9 5 2
2016-12-02,16142,7 0 7 2 8 0 1
2016-11-29,16141,1 2 9 5 1 9 1
2016-11-27,16140,8 7 2 5 2 9 8
2016-11-25,16139,4 6 3 3 4 6 9
2016-11-22,16138,6 8 7 0 3 3 7
2016-11-20,16137,7 6 9 4 0 4 3
2016-11-18,16136,2 5 0 2 0 8 7
2016-11-15,16135,0 4 0 7 2 6 0
2016-11-13,16134,3 4 0 1 8 6 1
2016-11-11,16133,7 4 1 3 3 7 5
2016-11-08,16132,5 2 7 0 8 9 4
2016-11-06,16131,7 3 0 4 3 7 5
2016-11-04,16130,2 6 2 0 1 3 3
2016-11-01,16129,9 1 8 1 2 0 9
2016-10-30,16128,8 6 5 3 3 1 4
2016-10-28,16127,1 6 1 9 3 8 1
2016-10-25,16126,5 0 8 5 2 3 6
2016-10-23,16125,3 9 8 0 2 9 1
2016-10-21,16124,9 6 7 3 7 6 3
2016-10-18,16123,6 5 2 1 9 7 7
2016-10-16,16122,5 9 4 1 0 5 3
2016-10-14,16121,4 9 2 6 3 1 9
2016-10-11,16120,4 0 4 4 4 1 6
2016-10-09,16119,6 2 5 1 2 6 0
2016-10-07,16118,0 1 1 1 6 1 3
2016-10-04,16117,9 7 9 8 8 2 8
2016-10-02,16116,2 8 9 7 8 6 1
2016-09-30,16115,1 1 2 7 3 3 3
2016-09-27,16114,5 1 7 1 2 7 8
2016-09-25,16113,3 6 8 1 4 3 1
2016-09-23,16112,9 1 3 4 7 7 9
2016-09-20,16111,7 3 7 9 1 2 8
2016-09-18,16110,9 5 3 8 2 7 1
2016-09-16,16109,1 7 2 9 6 9 0
2016-09-13,16108,1 5 2 2 9 0 0
2016-09-11,16107,0 5 8 2 6 4 1
2016-09-09,16106,0 5 1 4 7 6 0
2016-09-06,16105,4 0 1 5 0 9 8
2016-09-04,16104,8 6 1 7 8 5 3
2016-09-02,16103,7 0 8 6 3 7 1
2016-08-30,16102,3 1 5 1 0 6 3
2016-08-28,16101,7 3 7 0 0 4 3
2016-08-26,16100,5 8 0 9 4 4 5
2016-08-23,16099,7 3 9 9 7 0 8
2016-08-21,16098,5 2 7 4 2 3 1
2016-08-19,16097,4 1 5 2 5 3 7
2016-08-16,16096,5 6 2 0 7 6 1
2016-08-14,16095,6 8 6 3 3 2 0
2016-08-12,16094,8 5 2 9 1 3 5
2016-08-09,16093,5 9 7 9 8 2 1
2016-08-07,16092,6 1 4 4 3 2 5
2016-08-05,16091,2 3 8 4 9 3 1
2016-08-02,16090,0 2 5 1 1 2 1
2016-07-31,16089,9 8 2 2 8 3 1
2016-07-29,16088,4 9 6 2 8 7 4
2016-07-26,16087,8 3 8 8 6 4 7
2016-07-24,16086,8 8 2 7 5 1 2
2016-07-22,16085,0 4 1 1 7 0 7
2016-07-19,16084,5 6 6 6 0 4 3
2016-07-17,16083,4 1 9 2 0 0 0
2016-07-15,16082,2 6 6 3 4 8 1
2016-07-12,16081,4 2 3 2 4 5 1
2016-07-10,16080,2 0 2 8 5 0 4
2016-07-08,16079,3 1 8 7 9 1 2
2016-07-05,16078,3 3 5 5 3 7 1
2016-07-03,16077,1 8 8 6 0 1 1
2016-07-01,16076,6 1 5 9 7 4 0
2016-06-28,16075,6 7 7 6 1 3 9
2016-06-26,16074,8 8 3 0 2 5 8
2016-06-24,16073,0 4 6 7 3 2 5
2016-06-21,16072,9 1 7 9 6 0 0
2016-06-19,16071,6 6 0 9 2 0 3
2016-06-17,16070,8 4 2 7 5 3 5
2016-06-14,16069,3 4 3 8 4 5 0
2016-06-12,16068,0 7 0 0 2 7 8
2016-06-10,16067,1 1 2 3 0 9 5
2016-06-07,16066,6 5 6 0 6 1 2
2016-06-05,16065,3 7 4 5 4 8 1
2016-06-03,16064,8 3 0 7 8 9 0
2016-05-31,16063,0 8 6 1 0 1 5
2016-05-29,16062,4 2 0 2 8 1 5
2016-05-27,16061,1 2 9 2 9 9 0
2016-05-24,16060,8 2 5 3 3 1 3
2016-05-22,16059,1 3 4 6 1 7 4
2016-05-20,16058,6 9 5 6 8 8 1
2016-05-17,16057,8 6 8 6 7 0 9
2016-05-15,16056,1 5 1 0 9 9 6
2016-05-13,16055,0 4 6 8 0 8 0
2016-05-10,16054,6 2 4 0 8 1 3
2016-05-08,16053,0 1 6 3 6 9 6
2016-05-06,16052,2 2 8 7 4 4 9
2016-05-03,16051,0 2 8 6 2 4 6
2016-05-01,16050,4 6 0 9 2 3 6
2016-04-29,16049,2 5 6 0 0 7 2
2016-04-26,16048,7 8 9 9 8 6 4
2016-04-24,16047,2 9 8 8 8 4 1
2016-04-22,16046,9 9 6 2 8 6 5
2016-04-19,16045,2 8 1 0 5 7 6
2016-04-17,16044,5 3 9 9 9 7 1
2016-04-15,16043,3 9 0 7 5 0 2
2016-04-12,16042,6 4 0 1 1 4 1
2016-04-10,16041,6 2 6 2 3 3 3
2016-04-08,16040,6 0 8 4 6 1 5
2016-04-05,16039,9 1 1 9 1 3 9
2016-04-03,16038,2 8 1 7 1 1 1
2016-04-01,16037,9 4 9 4 3 0 4
2016-03-29,16036,6 6 1 8 6 7 0
2016-03-27,16035,8 4 8 7 9 2 8
2016-03-25,16034,5 1 0 0 5 2 4
2016-03-22,16033,6 7 9 1 6 8 0
2016-03-20,16032,0 5 6 3 4 3 5
2016-03-18,16031,5 0 3 0 2 3 3
2016-03-15,16030,4 4 1 1 7 2 1
2016-03-13,16029,1 5 7 9 1 6 2
2016-03-11,16028,7 9 3 6 0 2 5
2016-03-08,16027,6 8 2 5 9 8 2
2016-03-06,16026,9 3 6 1 1 8 6
2016-03-04,16025,8 8 8 2 3 8 9
2016-03-01,16024,8 7 4 5 5 5 6
2016-02-28,16023,7 4 6 2 6 4 3
2016-02-26,16022,4 3 0 1 1 9 7
2016-02-23,16021,1 2 8 8 5 1 3
2016-02-21,16020,5 5 8 2 6 3 7
2016-02-19,16019,4 9 8 4 2 7 9
2016-02-16,16018,7 9 8 1 2 7 3
2016-02-14,16017,4 1 3 6 6 6 4
2016-02-05,16016,6 6 7 2 3 6 1
2016-02-02,16015,3 8 1 3 3 1 8
2016-01-31,16014,4 4 6 0 1 9 9
2016-01-29,16013,8 3 1 5 0 4 7
2016-01-26,16012,6 6 3 6 6 0 6
2016-01-24,16011,2 3 8 3 1 6 2
2016-01-22,16010,8 6 8 7 2 2 9
2016-01-19,16009,9 3 3 9 5 7 2
2016-01-17,16008,6 8 1 1 8 3 8
2016-01-15,16007,9 9 4 0 8 3 5
2016-01-12,16006,6 1 5 7 5 2 3
2016-01-10,16005,5 9 6 6 1 8 3
2016-01-08,16004,8 4 8 1 0 6 0
2016-01-05,16003,5 4 2 1 7 4 4
2016-01-03,16002,0 2 6 2 5 3 0
2016-01-01,16001,8 9 3 0 8 0 9
2015-12-29,15153,7 9 7 2 0 1 3
2015-12-27,15152,3 3 9 2 0 7 5
2015-12-25,15151,4 3 8 7 9 1 9
2015-12-22,15150,9 0 4 3 3 6 6
2015-12-20,15149,5 0 1 4 0 7 1
2015-12-18,15148,7 3 7 9 8 8 9
2015-12-15,15147,4 9 4 3 9 8 9
2015-12-13,15146,2 0 8 2 1 9 0
2015-12-11,15145,2 5 4 4 4 9 6
2015-12-08,15144,4 6 8 4 1 4 3
2015-12-06,15143,9 8 2 8 2 8 6
2015-12-04,15142,2 9 4 2 4 5 8
2015-12-01,15141,3 4 8 5 7 1 0
2015-11-29,15140,3 5 8 5 5 5 4
2015-11-27,15139,0 7 6 7 0 2 7
2015-11-24,15138,5 6 8 4 1 7 7
2015-11-22,15137,3 7 9 4 7 0 6
2015-11-20,15136,9 7 3 3 4 6 9
2015-11-17,15135,3 3 6 2 3 0 3
2015-11-15,15134,3 9 7 0 2 7 8
2015-11-13,15133,8 1 2 5 1 7 7
2015-11-10,15132,3 4 6 2 5 0 2
2015-11-08,15131,7 2 2 4 4 4 7
2015-11-06,15130,8 0 9 9 9 3 1
2015-11-03,15129,6 7 1 7 2 8 9
2015-11-01,15128,1 4 2 5 6 7 7
2015-10-30,15127,5 3 4 1 4 9 8
2015-10-27,15126,2 8 3 9 0 2 7
2015-10-25,15125,5 4 8 5 5 6 8
2015-10-23,15124,7 7 5 9 8 9 0
2015-10-20,15123,4 8 5 7 1 1 9
2015-10-18,15122,8 6 3 2 4 9 9
2015-10-16,15121,9 6 4 0 8 7 0
2015-10-13,15120,6 2 5 9 8 4 6
2015-10-11,15119,6 1 6 6 5 8 3
2015-10-09,15118,5 4 0 3 8 1 4
2015-10-06,15117,1 4 3 9 6 2 5
2015-10-04,15116,4 1 0 8 4 8 5
2015-10-02,15115,9 3 8 5 0 6 5
2015-09-29,15114,4 6 2 2 3 3 6
2015-09-27,15113,2 5 2 7 9 2 7
2015-09-25,15112,5 2 1 7 7 0 9
2015-09-22,15111,8 7 4 6 3 9 6
2015-09-20,15110,3 3 2 4 4 9 8
2015-09-18,15109,4 9 6 0 4 2 0
2015-09-15,15108,6 5 5 6 7 4 8
2015-09-13,15107,5 2 9 3 4 7 6
2015-09-11,15106,1 0 8 4 3 8 2
2015-09-08,15105,4 9 3 0 8 3 4
2015-09-06,15104,7 1 1 5 0 5 8
2015-09-04,15103,2 3 6 1 7 6 2
2015-09-01,15102,1 5 2 7 7 7 3
2015-08-30,15101,9 4 6 5 8 6 1
2015-08-28,15100,1 3 2 5 2 6 1
2015-08-25,15099,2 3 8 4 7 8 6
2015-08-23,15098,7 7 7 2 3 9 6
2015-08-21,15097,4 1 8 5 8 9 3
2015-08-18,15096,3 9 0 2 2 5 2
2015-08-16,15095,0 6 6 9 0 6 1
2015-08-14,15094,6 6 3 8 2 4 3
2015-08-11,15093,6 0 0 5 9 6 8
2015-08-09,15092,0 7 8 0 3 6 6
2015-08-07,15091,6 1 2 1 8 6 5
2015-08-04,15090,0 8 7 1 8 0 9
2015-08-02,15089,9 6 2 7 6 0 8
2015-07-31,15088,3 9 1 2 6 5 0
2015-07-28,15087,4 3 3 0 1 9 4
2015-07-26,15086,8 1 3 5 1 6 3
2015-07-24,15085,0 6 6 7 2 8 3
2015-07-21,15084,3 8 6 3 8 3 6
2015-07-19,15083,8 2 6 4 3 9 4
2015-07-17,15082,8 5 7 5 5 5 4
2015-07-14,15081,7 1 6 8 1 0 7
2015-07-12,15080,1 0 5 7 8 1 1
2015-07-10,15079,9 8 6 2 2 6 6
2015-07-07,15078,5 8 3 8 0 4 5
2015-07-05,15077,1 9 8 1 5 8 0
2015-07-03,15076,0 4 0 8 0 1 6
2015-06-30,15075,2 3 4 7 7 1 5
2015-06-28,15074,5 5 7 6 8 6 6
2015-06-26,15073,5 1 3 5 4 0 0
2015-06-23,15072,0 0 0 0 3 9 7
2015-06-21,15071,4 2 9 5 5 3 9
2015-06-19,15070,3 1 8 6 5 6 0
2015-06-16,15069,4 2 7 0 3 3 9
2015-06-14,15068,7 9 8 7 2 0 7
2015-06-12,15067,5 9 1 9 1 1 8
2015-06-09,15066,5 2 2 7 0 5 5
2015-06-07,15065,4 4 1 1 0 2 5
2015-06-05,15064,8 1 0 2 2 5 4
2015-06-02,15063,4 5 2 8 4 9 8
2015-05-31,15062,6 7 2 5 3 1 2
2015-05-29,15061,5 6 7 8 4 9 2
2015-05-26,15060,0 3 1 5 4 3 5
2015-05-24,15059,9 9 0 3 9 7 4
2015-05-22,15058,8 7 6 5 0 3 3
2015-05-19,15057,9 2 3 8 6 9 0
2015-05-17,15056,6 9 2 8 9 2 3
2015-05-15,15055,5 2 0 5 8 9 1
2015-05-12,15054,7 3 4 5 2 6 9
2015-05-10,15053,8 3 1 0 4 1 4
2015-05-08,15052,9 0 3 8 2 2 5
2015-05-05,15051,7 3 3 8 1 1 8
2015-05-03,15050,2 8 4 6 3 7 1
2015-05-01,15049,0 2 5 2 1 3 6
2015-04-28,15048,6 4 5 1 7 7 8
2015-04-26,15047,7 2 4 2 9 7 6
2015-04-24,15046,8 4 5 6 7 2 8
2015-04-21,15045,9 6 6 5 5 5 7
2015-04-19,15044,0 2 8 4 3 0 4
2015-04-17,15043,9 7 9 6 0 9 1
2015-04-14,15042,0 5 7 8 4 7 7
2015-04-12,15041,4 7 4 2 0 7 8
2015-04-10,15040,7 0 6 5 9 6 4
2015-04-07,15039,5 9 9 6 3 6 4
2015-04-05,15038,6 4 7 3 1 7 6
2015-04-03,15037,9 5 1 6 3 1 5
2015-03-31,15036,0 6 2 3 2 5 2
2015-03-29,15035,0 5 0 6 6 5 1
2015-03-27,15034,7 5 6 4 4 8 7
2015-03-24,15033,9 0 2 1 6 7 8
2015-03-22,15032,4 9 8 4 1 5 5
2015-03-20,15031,5 7 8 3 7 1 7
2015-03-17,15030,9 5 7 1 7 8 2
2015-03-15,15029,0 4 9 4 5 6 7
2015-03-13,15028,1 4 7 6 0 5 1
2015-03-10,15027,6 8 1 1 4 6 0
2015-03-08,15026,8 0 5 0 5 0 4
2015-03-06,15025,2 5 6 8 4 6 4
2015-03-03,15024,6 4 6 7 7 1 2
2015-03-01,15023,3 7 2 6 0 4 3
2015-02-27,15022,1 6 1 9 5 5 7
2015-02-17,15021,4 6 5 4 3 9 7
2015-02-15,15020,6 1 3 9 9 9 7
2015-02-13,15019,9 2 9 0 9 9 4
2015-02-10,15018,6 4 5 3 4 3 4
2015-02-08,15017,4 2 7 8 5 8 2
2015-02-06,15016,5 9 9 0 9 9 7
2015-02-03,15015,9 8 8 9 2 5 3
2015-02-01,15014,3 2 1 6 9 4 1
2015-01-30,15013,7 3 6 8 2 1 9
2015-01-27,15012,0 3 4 7 4 0 8
2015-01-25,15011,4 5 9 5 9 9 9
2015-01-23,15010,1 5 7 9 2 5 7
2015-01-20,15009,2 9 9 2 0 2 1
2015-01-18,15008,7 9 0 6 4 0 8
2015-01-16,15007,3 8 1 8 0 8 3
2015-01-13,15006,4 8 5 7 4 8 2
2015-01-11,15005,1 5 4 8 5 5 5
2015-01-09,15004,7 1 9 1 3 8 1
2015-01-06,15003,6 8 2 3 0 0 7
2015-01-04,15002,6 1 5 7 0 3 0
2015-01-02,15001,9 8 4 4 0 2 4
2014-12-30,14153,9 4 5 3 5 2 3
2014-12-28,14152,5 6 9 3 0 4 9
2014-12-26,14151,1 9 5 7 5 5 4
2014-12-23,14150,5 8 6 8 3 3 5
2014-12-21,14149,3 7 9 7 1 5 8
2014-12-19,14148,4 9 5 9 4 9 3
2014-12-16,14147,2 4 0 5 4 1 2
2014-12-14,14146,1 1 2 3 3 0 2
2014-12-12,14145,9 7 3 7 0 4 5
2014-12-09,14144,8 5 8 8 8 1 2
2014-12-07,14143,5 8 0 0 9 5 6
2014-12-05,14142,9 2 1 9 2 3 8
2014-12-02,14141,1 8 8 1 3 5 1
2014-11-30,14140,7 9 2 8 5 6 7
2014-11-28,14139,4 4 2 1 1 6 5
2014-11-25,14138,3 2 5 3 7 2 9
2014-11-23,14137,8 2 8 3 0 2 0
2014-11-21,14136,7 2 9 0 7 7 2
2014-11-18,14135,6 6 0 0 5 3 4
2014-11-16,14134,8 6 0 1 2 1 5
2014-11-14,14133,5 7 5 7 9 0 2
2014-11-11,14132,6 7 2 6 3 6 7
2014-11-09,14131,6 0 0 6 3 7 2
2014-11-07,14130,3 8 5 6 4 1 8
2014-11-04,14129,6 6 7 5 5 6 3
2014-11-02,14128,1 2 0 7 9 8 0
2014-10-31,14127,1 9 7 2 4 1 6
2014-10-28,14126,9 5 4 1 6 5 4
2014-10-26,14125,5 6 1 6 4 5 9
2014-10-24,14124,0 8 9 1 8 9 2
2014-10-21,14123,3 1 7 0 0 3 6
2014-10-19,14122,6 7 7 2 5 7 6
2014-10-17,14121,6 6 7 4 2 4 5
2014-10-14,14120,2 5 6 6 8 8 2
2014-10-12,14119,9 1 8 3 1 9 5
2014-10-10,14118,1 8 8 8 5 9 7
2014-10-07,14117,6 2 2 6 4 3 4
2014-10-05,14116,1 7 5 2 0 3 3
2014-10-03,14115,8 6 4 3 4 2 8
2014-09-30,14114,5 4 4 4 8 6 0
2014-09-28,14113,8 2 0 9 0 2 1
2014-09-26,14112,9 2 7 4 8 1 7
2014-09-23,14111,6 0 4 8 3 2 4
2014-09-21,14110,7 0 5 0 2 1 6
2014-09-19,14109,3 6 9 6 0 2 9
2014-09-16,14108,1 6 3 7 0 4 1
2014-09-14,14107,4 2 1 6 6 5 1
2014-09-12,14106,2 2 2 7 7 3 7
2014-09-09,14105,8 7 6 6 5 8 9
2014-09-07,14104,7 3 5 0 1 9 6
2014-09-05,14103,2 9 3 7 5 8 7
2014-09-02,14102,9 7 9 6 3 9 7
2014-08-31,14101,1 7 8 9 1 2 1
2014-08-29,14100,2 5 5 4 4 0 7
2014-08-26,14099,3 1 1 7 9 6 1
2014-08-24,14098,8 6 9 0 3 5 5
2014-08-22,14097,0 9 1 7 1 2 6
2014-08-19,14096,8 7 1 6 1 0 3
2014-08-17,14095,6 6 5 8 8 9 6
2014-08-15,14094,2 8 3 9 9 5 3
2014-08-12,14093,6 8 7 1 4 1 6
2014-08-10,14092,6 1 1 6 0 7 7
2014-08-08,14091,0 0 4 5 8 2 2
2014-08-05,14090,4 8 7 6 3 5 7
2014-08-03,14089,1 3 9 9 5 8 2
2014-08-01,14088,5 3 4 0 5 7 8
2014-07-29,14087,1 1 8 9 1 0 1
2014-07-27,14086,4 6 8 4 9 0 9
2014-07-25,14085,9 1 4 7 7 4 3
2014-07-22,14084,6 5 8 6 7 7 3
2014-07-20,14083,2 6 5 9 8 5 5
2014-07-18,14082,7 2 5 1 3 7 7
2014-07-15,14081,2 4 4 8 9 3 1
2014-07-13,14080,6 3 2 2 5 9 2
2014-07-11,14079,6 0 1 8 1 1 3
2014-07-08,14078,1 7 5 3 3 9 1
2014-07-06,14077,5 1 6 4 8 8 8
2014-07-04,14076,2 9 5 2 4 7 4
2014-07-01,14075,5 5 0 5 0 2 8
2014-06-29,14074,9 5 9 7 7 7 9
2014-06-27,14073,0 2 7 8 0 7 7
2014-06-24,14072,8 7 5 6 9 2 2
2014-06-22,14071,0 6 1 7 9 2 1
2014-06-20,14070,4 9 5 0 4 6 3
2014-06-17,14069,9 8 2 5 0 0 6
2014-06-15,14068,9 0 2 5 9 2 2
2014-06-13,14067,0 4 6 9 3 2 2
2014-06-10,14066,9 5 7 9 3 4 8
2014-06-08,14065,9 0 3 8 2 1 4
2014-06-06,14064,6 3 5 1 9 1 2
2014-06-03,14063,5 8 8 6 2 3 4
2014-06-01,14062,1 3 4 2 3 4 0
2014-05-30,14061,9 9 1 1 7 2 4
2014-05-27,14060,1 5 9 5 2 1 7
2014-05-25,14059,5 1 0 7 1 3 8
2014-05-23,14058,7 1 2 8 6 7 4
2014-05-20,14057,9 6 5 4 4 4 2
2014-05-18,14056,5 9 1 1 4 1 6
2014-05-16,14055,5 8 8 0 3 1 7
2014-05-13,14054,0 8 5 4 7 0 2
2014-05-11,14053,2 8 8 7 6 8 8
2014-05-09,14052,3 1 0 3 2 3 6
2014-05-06,14051,9 8 8 8 5 0 0
2014-05-04,14050,0 9 0 7 9 4 1
2014-05-02,14049,6 3 1 5 0 8 9
2014-04-29,14048,4 6 1 9 2 8 8
2014-04-27,14047,4 5 2 5 1 9 2
2014-04-25,14046,9 7 8 6 7 7 7
2014-04-22,14045,9 0 2 9 1 5 3
2014-04-20,14044,0 1 0 3 6 3 8
2014-04-18,14043,7 9 0 0 6 2 4
2014-04-15,14042,6 8 2 8 8 4 3
2014-04-13,14041,9 9 0 2 5 0 3
2014-04-11,14040,5 8 9 7 6 4 3
2014-04-08,14039,3 7 3 4 6 0 6
2014-04-06,14038,0 8 1 3 8 1 2
2014-04-04,14037,1 2 6 4 2 0 7
2014-04-01,14036,9 3 8 3 5 2 6
2014-03-30,14035,3 7 4 5 4 8 2
2014-03-28,14034,4 5 6 3 8 4 0
2014-03-25,14033,3 0 6 3 8 1 1
2014-03-23,14032,4 7 3 8 0 5 0
2014-03-21,14031,4 8 8 2 9 1 8
2014-03-18,14030,3 8 2 1 0 1 7
2014-03-16,14029,4 0 6 6 3 6 0
2014-03-14,14028,8 0 7 9 4 0 1
2014-03-11,14027,5 0 6 5 4 8 6
2014-03-09,14026,8 8 6 9 0 8 8
2014-03-07,14025,6 6 3 6 4 2 8
2014-03-04,14024,7 2 1 3 2 0 8
2014-03-02,14023,5 5 6 1 3 5 7
2014-02-28,14022,3 3 9 3 4 2 6
2014-02-25,14021,2 0 8 9 7 3 8
2014-02-23,14020,8 0 7 5 4 2 5
2014-02-21,14019,1 3 6 0 1 4 5
2014-02-18,14018,9 7 6 3 0 1 4
2014-02-16,14017,8 1 8 6 1 9 6
2014-02-14,14016,6 8 7 8 8 8 3
2014-02-11,14015,1 5 8 3 6 3 1
2014-02-09,14014,9 5 0 6 7 7 6
2014-02-07,14013,2 3 8 3 5 6 3
2014-01-28,14012,7 7 5 3 5 1 0
2014-01-26,14011,6 0 6 0 2 6 5
2014-01-24,14010,5 4 2 1 2 1 2
2014-01-21,14009,7 9 1 2 0 9 6
2014-01-19,14008,1 9 5 7 4 2 5
2014-01-17,14007,9 9 4 5 7 6 2
2014-01-14,14006,1 7 1 2 0 5 6
2014-01-12,14005,4 2 5 9 2 6 4
2014-01-10,14004,6 9 4 2 1 9 5
2014-01-07,14003,4 9 5 6 1 7 5
2014-01-05,14002,7 4 6 8 8 9 4
2014-01-03,14001,8 5 8 4 5 3 1
2013-12-31,13154,5 2 2 9 3 8 0
2013-12-29,13153,1 4 2 0 7 3 1
2013-12-27,13152,9 8 1 0 1 6 8
2013-12-24,13151,1 3 8 5 4 7 5
2013-12-22,13150,8 3 8 6 6 2 6
2013-12-20,13149,4 6 2 0 4 2 4
2013-12-17,13148,3 5 8 8 8 6 6
2013-12-15,13147,9 3 3 2 6 1 7
2013-12-13,13146,2 1 1 2 9 9 8
2013-12-10,13145,5 4 3 1 8 8 5
2013-12-08,13144,2 0 0 6 0 4 9
2013-12-06,13143,5 1 0 7 8 0 7
2013-12-03,13142,8 1 3 7 2 5 2
2013-12-01,13141,8 2 0 7 4 6 7
2013-11-29,13140,4 3 3 9 4 7 5
2013-11-26,13139,2 2 3 8 5 3 2
2013-11-24,13138,9 1 4 8 4 3 0
2013-11-22,13137,4 0 5 7 8 3 1
2013-11-19,13136,2 3 5 6 8 9 5
2013-11-17,13135,8 4 8 4 0 1 9
2013-11-15,13134,6 1 7 3 1 8 5
2013-11-12,13133,5 5 1 2 3 8 9
2013-11-10,13132,5 8 3 8 2 9 0
2013-11-08,13131,8 8 1 6 9 9 6
2013-11-05,13130,9 3 3 4 8 3 4
2013-11-03,13129,3 9 2 6 5 5 8
2013-11-01,13128,0 3 3 7 3 4 5
2013-10-29,13127,3 9 2 0 1 5 9
2013-10-27,13126,5 7 6 7 1 4 9
2013-10-25,13125,2 1 2 3 0 7 1
2013-10-22,13124,9 9 9 5 1 6 9
2013-10-20,13123,9 1 6 2 2 5 1
2013-10-18,13122,8 0 9 7 4 2 3
2013-10-15,13121,6 5 1 4 6 3 5
2013-10-13,13120,6 2 8 7 9 2 5
2013-10-11,13119,5 1 2 3 6 4 1
2013-10-08,13118,7 5 5 2 2 7 2
2013-10-06,13117,7 0 1 8 9 0 6
2013-10-04,13116,8 8 6 4 8 6 8
2013-10-01,13115,7 5 4 7 4 1 2
2013-09-29,13114,0 7 3 7 1 4 8
2013-09-27,13113,4 1 4 5 6 5 1
2013-09-24,13112,6 3 0 7 3 1 8
2013-09-22,13111,8 5 9 5 7 3 3
2013-09-20,13110,4 0 9 8 2 5 2
2013-09-17,13109,2 8 7 6 5 7 8
2013-09-15,13108,1 9 5 9 6 2 4
2013-09-13,13107,9 1 8 5 6 5 4
2013-09-10,13106,8 2 1 6 8 1 7
2013-09-08,13105,6 3 7 4 8 6 2
2013-09-06,13104,1 4 3 8 8 6 4
2013-09-03,13103,3 5 6 4 4 0 7
2013-09-01,13102,6 2 0 0 7 1 4
2013-08-30,13101,5 9 1 3 5 0 2
2013-08-27,13100,9 8 4 1 6 2 0
2013-08-25,13099,0 5 9 6 7 7 6
2013-08-23,13098,1 7 2 8 4 0 1
2013-08-20,13097,4 7 8 4 7 8 7
2013-08-18,13096,2 6 2 5 2 6 0
2013-08-16,13095,4 2 9 4 2 8 0
2013-08-13,13094,2 2 0 9 8 6 1
2013-08-11,13093,8 9 4 8 2 6 2
2013-08-09,13092,5 7 4 8 0 4 5
2013-08-06,13091,3 7 4 6 1 9 2
2013-08-04,13090,3 2 3 7 1 0 1
2013-08-02,13089,7 7 6 1 3 2 2
2013-07-30,13088,9 3 2 9 8 4 0
2013-07-28,13087,3 0 2 2 3 9 6
2013-07-26,13086,1 9 7 0 9 8 3
2013-07-23,13085,4 6 6 1 4 3 1
2013-07-21,13084,1 9 3 5 2 3 3
2013-07-19,13083,7 7 4 6 8 5 5
2013-07-16,13082,6 0 8 0 1 4 8
2013-07-14,13081,4 6 0 5 5 5 5
2013-07-12,13080,2 8 1 4 2 6 8
2013-07-09,13079,1 7 8 9 2 6 5
2013-07-07,13078,7 1 6 5 2 4 8
2013-07-05,13077,7 9 1 5 5 4 4
2013-07-02,13076,5 2 0 9 5 0 1
2013-06-30,13075,9 5 6 8 4 3 3
2013-06-28,13074,2 0 4 0 2 8 8
2013-06-25,13073,8 8 6 6 0 7 8
2013-06-23,13072,2 0 8 8 6 3 5
2013-06-21,13071,4 5 9 4 7 7 1
2013-06-18,13070,9 5 2 0 3 9 3
2013-06-16,13069,3 6 1 1 0 0 8
2013-06-14,13068,5 4 5 2 8 9 3
2013-06-11,13067,0 5 4 3 7 7 0
2013-06-09,13066,0 2 6 6 8 8 1
2013-06-07,13065,5 8 4 1 4 4 6
2013-06-04,13064,7 2 9 8 7 0 6
2013-06-02,13063,0 6 9 3 4 1 5
2013-05-31,13062,7 4 2 2 9 1 2
2013-05-28,13061,7 8 9 1 3 8 3
2013-05-26,13060,0 0 2 4 0 0 6
2013-05-24,13059,7 6 9 7 2 8 5
2013-05-21,13058,7 6 4 5 2 2 5
2013-05-19,13057,7 0 5 7 4 4 2
2013-05-17,13056,2 9 1 9 6 3 5
2013-05-14,13055,3 5 3 9 6 8 9
2013-05-12,13054,3 5 8 9 0 0 7
2013-05-10,13053,1 5 5 8 1 8 9
2013-05-07,13052,1 0 8 2 4 7 0
2013-05-05,13051,9 8 9 0 2 0 4
2013-05-03,13050,9 2 5 4 0 8 1
2013-04-30,13049,1 1 3 3 9 3 6
2013-04-28,13048,3 6 4 5 9 4 1
2013-04-26,13047,8 9 7 2 6 4 7
2013-04-23,13046,5 2 2 4 5 9 6
2013-04-21,13045,8 7 0 0 3 9 3
2013-04-19,13044,1 4 1 4 1 4 8
2013-04-16,13043,5 4 6 1 1 3 6
2013-04-14,13042,9 8 9 1 5 3 9
2013-04-12,13041,7 3 1 9 4 4 8
2013-04-09,13040,8 1 1 9 3 4 9
2013-04-07,13039,7 4 8 7 2 9 5
2013-04-05,13038,9 9 4 4 5 5 8
2013-04-02,13037,9 8 9 7 1 9 8
2013-03-31,13036,8 7 3 0 1 0 1
2013-03-29,13035,2 7 1 3 0 3 7
2013-03-26,13034,6 6 8 8 4 5 9
2013-03-24,13033,5 1 0 2 0 9 3
2013-03-22,13032,6 9 4 7 4 2 3
2013-03-19,13031,2 7 4 9 3 7 5
2013-03-17,13030,4 7 7 7 2 1 6
2013-03-15,13029,9 2 4 5 8 8 8
2013-03-12,13028,9 6 6 8 6 4 6
2013-03-10,13027,1 3 8 0 8 7 1
2013-03-08,13026,0 0 4 2 7 7 5
2013-03-05,13025,9 7 0 8 9 9 6
2013-03-03,13024,8 9 2 6 3 6 1
2013-03-01,13023,4 1 0 7 7 4 9
2013-02-26,13022,8 0 5 3 7 9 2
2013-02-24,13021,4 1 1 0 3 8 8
2013-02-22,13020,5 3 5 3 9 4 6
2013-02-19,13019,9 9 5 7 7 2 4
2013-02-17,13018,9 2 8 1 5 7 1
2013-02-08,13017,7 9 2 9 4 9 3
2013-02-05,13016,2 0 6 5 9 2 8
2013-02-03,13015,3 3 6 6 7 6 4
2013-02-01,13014,9 3 4 1 5 4 5
2013-01-29,13013,6 5 8 1 1 3 0
2013-01-27,13012,1 0 5 3 4 6 2
2013-01-25,13011,8 4 0 5 5 0 7
2013-01-22,13010,8 6 7 2 7 7 1
2013-01-20,13009,3 1 6 0 3 5 9
2013-01-18,13008,4 4 8 8 0 3 7
2013-01-15,13007,6 6 1 5 2 1 5
2013-01-13,13006,1 8 3 8 2 7 4
2013-01-11,13005,2 5 3 4 5 7 7
2013-01-08,13004,7 4 4 0 5 1 8
2013-01-06,13003,8 0 0 7 1 2 6
2013-01-04,13002,0 1 7 5 5 3 4
2013-01-01,13001,3 5 1 1 9 3 3
2012-12-30,12154,9 7 1 2 3 4 2
2012-12-28,12153,4 7 4 1 0 0 5
2012-12-25,12152,1 5 7 8 3 6 6
2012-12-23,12151,4 8 1 8 3 3 8
2012-12-21,12150,9 2 4 0 2 0 6
2012-12-18,12149,0 9 5 5 3 3 8
2012-12-16,12148,0 6 7 7 2 1 5
2012-12-14,12147,4 9 4 9 0 0 7
2012-12-11,12146,9 1 1 7 2 7 3
2012-12-09,12145,9 1 4 0 6 7 8
2012-12-07,12144,0 3 9 0 6 0 1
2012-12-04,12143,4 9 9 1 2 5 7
2012-12-02,12142,0 9 8 3 2 2 2
2012-11-30,12141,1 7 8 5 9 0 7
2012-11-27,12140,2 5 1 8 1 5 0
2012-11-25,12139,6 3 6 2 0 0 5
2012-11-23,12138,9 0 0 8 1 5 2
2012-11-20,12137,5 4 6 0 7 8 7
2012-11-18,12136,4 9 2 7 8 6 2
2012-11-16,12135,8 6 3 5 3 5 4
2012-11-13,12134,4 2 8 2 9 3 0
2012-11-11,12133,1 7 4 6 1 8 0
2012-11-09,12132,1 4 4 0 3 4 8
2012-11-06,12131,6 0 1 2 1 5 1
2012-11-04,12130,9 6 6 9 2 5 7
2012-11-02,12129,6 2 1 8 0 5 9
2012-10-30,12128,4 4 8 4 6 8 2
2012-10-28,12127,8 0 2 8 4 5 2
2012-10-26,12126,1 7 8 4 9 8 3
2012-10-23,12125,2 8 4 8 3 5 9
2012-10-21,12124,3 9 6 1 4 4 8
2012-10-19,12123,0 9 6 1 4 4 1
2012-10-16,12122,0 2 2 8 7 1 0
2012-10-14,12121,0 1 8 7 5 3 5
2012-10-12,12120,2 6 9 2 3 8 5
2012-10-09,12119,9 3 9 9 5 4 0
2012-10-07,12118,2 6 9 5 6 9 2
2012-10-05,12117,4 2 6 3 7 2 8
2012-10-02,12116,8 3 6 1 2 1 2
2012-09-30,12115,9 7 0 1 3 9 1
2012-09-28,12114,1 0 0 4 6 1 4
2012-09-25,12113,2 1 2 6 0 3 5
2012-09-23,12112,8 3 7 9 5 3 7
2012-09-21,12111,5 8 4 7 9 9 0
2012-09-18,12110,6 2 3 9 5 5 3
2012-09-16,12109,5 1 6 3 9 5 5
2012-09-14,12108,6 1 1 8 0 5 3
2012-09-11,12107,1 1 8 1 4 7 0
2012-09-09,12106,8 5 3 2 2 3 0
2012-09-07,12105,4 8 5 5 6 0 5
2012-09-04,12104,5 7 0 0 3 9 5
2012-09-02,12103,2 9 9 9 3 3 5
2012-08-31,12102,8 7 6 6 3 5 8
2012-08-28,12101,3 4 6 2 1 1 5
2012-08-26,12100,7 0 5 2 9 2 4
2012-08-24,12099,7 1 0 0 5 2 5
2012-08-21,12098,5 4 8 8 5 9 6
2012-08-19,12097,2 7 1 5 0 4 9
2012-08-17,12096,3 6 2 6 2 5 7
2012-08-14,12095,6 3 0 4 7 5 3
2012-08-12,12094,0 6 7 4 8 6 3
2012-08-10,12093,6 2 6 1 8 9 1
2012-08-07,12092,4 9 7 3 6 4 7
2012-08-05,12091,2 4 4 2 9 3 6
2012-08-03,12090,7 6 2 1 1 6 1
2012-07-31,12089,1 5 7 1 1 4 9
2012-07-29,12088,8 4 6 3 8 0 2
2012-07-27,12087,9 3 0 2 4 9 1
2012-07-24,12086,9 2 0 7 9 3 8
2012-07-22,12085,4 6 9 2 1 6 0
2012-07-20,12084,3 1 3 0 9 9 2
2012-07-17,12083,2 1 4 8 2 9 5
2012-07-15,12082,5 2 7 9 1 6 3
2012-07-13,12081,2 3 8 8 7 1 0
2012-07-10,12080,1 1 2 7 4 3 4
2012-07-08,12079,3 5 9 4 6 4 8
2012-07-06,12078,6 9 2 0 3 9 2
2012-07-03,12077,7 4 1 9 0 2 9
2012-07-01,12076,5 4 9 2 2 9 3
2012-06-29,12075,7 3 4 9 3 8 3
2012-06-26,12074,5 3 0 7 2 7 5
2012-06-24,12073,1 5 7 6 9 5 0
2012-06-22,12072,5 1 1 9 7 8 0
2012-06-19,12071,0 6 6 8 6 8 8
2012-06-17,12070,8 8 9 8 0 9 4
2012-06-15,12069,7 7 2 5 1 8 5
2012-06-12,12068,5 8 7 7 2 1 0
2012-06-10,12067,4 8 8 6 5 5 8
2012-06-08,12066,1 5 2 5 0 2 3
2012-06-05,12065,4 2 3 7 5 8 0
2012-06-03,12064,6 9 3 5 5 6 5
2012-06-01,12063,7 0 3 7 5 3 1
2012-05-29,12062,9 2 0 4 2 0 5
2012-05-27,12061,7 1 6 8 6 9 8
2012-05-25,12060,3 0 4 4 4 7 0
2012-05-22,12059,0 4 1 1 0 8 8
2012-05-20,12058,7 8 2 0 7 6 9
2012-05-18,12057,9 8 8 7 2 1 2
2012-05-15,12056,0 1 7 9 5 3 7
2012-05-13,12055,7 7 5 1 3 4 4
2012-05-11,12054,2 0 7 2 2 5 5
2012-05-08,12053,9 6 6 1 5 0 0
2012-05-06,12052,5 1 2 0 3 5 4
2012-05-04,12051,8 8 1 6 7 9 9
2012-05-01,12050,9 7 7 1 0 0 6
2012-04-29,12049,6 8 5 6 3 1 6
2012-04-27,12048,3 9 5 4 2 7 1
2012-04-24,12047,8 7 4 6 8 3 4
2012-04-22,12046,4 8 2 6 8 2 7
2012-04-20,12045,5 8 8 2 7 1 3
2012-04-17,12044,4 3 7 7 3 8 7
2012-04-15,12043,0 2 1 7 3 9 9
2012-04-13,12042,0 7 1 4 2 6 2
2012-04-10,12041,0 4 5 6 6 0 8
2012-04-08,12040,5 2 2 1 1 9 3
2012-04-06,12039,4 4 6 5 9 0 3
2012-04-03,12038,6 0 0 1 4 9 9
2012-04-01,12037,7 7 4 7 7 6 1
2012-03-30,12036,0 9 3 2 2 8 1
2012-03-27,12035,1 0 2 2 3 6 4
2012-03-25,12034,3 1 3 2 7 4 1
2012-03-23,12033,0 7 7 3 8 2 7
2012-03-20,12032,0 7 6 7 7 1 2
2012-03-18,12031,1 6 3 8 4 7 0
2012-03-16,12030,2 1 2 0 4 3 3
2012-03-13,12029,5 7 6 0 1 1 9
2012-03-11,12028,5 4 8 9 7 2 4
2012-03-09,12027,1 2 6 3 8 8 9
2012-03-06,12026,8 0 5 9 8 1 5
2012-03-04,12025,5 5 9 2 9 0 0
2012-03-02,12024,5 2 1 5 3 8 5
2012-02-28,12023,9 3 8 9 0 6 5
2012-02-26,12022,9 6 4 3 2 9 8
2012-02-24,12021,1 0 5 2 3 2 3
2012-02-21,12020,7 3 6 1 5 7 4
2012-02-19,12019,8 1 2 8 1 3 9
2012-02-17,12018,8 3 3 6 5 1 3
2012-02-14,12017,2 3 5 0 4 5 8
2012-02-12,12016,5 2 5 7 1 4 5
2012-02-10,12015,5 4 7 5 7 3 2
2012-02-07,12014,3 4 6 5 1 6 0
2012-02-05,12013,1 0 1 1 0 6 7
2012-02-03,12012,1 1 8 1 8 4 0
2012-01-31,12011,2 5 6 2 7 6 1
2012-01-29,12010,0 0 6 4 5 4 0
2012-01-20,12009,7 8 0 7 9 0 9
2012-01-17,12008,9 0 6 7 7 3 8
2012-01-15,12007,8 2 5 0 9 0 4
2012-01-13,12006,8 0 7 9 4 9 5
2012-01-10,12005,6 8 5 7 0 7 6
2012-01-08,12004,4 4 3 3 6 1 2
2012-01-06,12003,0 5 2 7 3 1 4
2012-01-03,12002,6 9 7 3 5 8 3
2012-01-01,12001,5 0 6 0 9 9 8
2011-12-30,11153,4 0 9 2 5 0 2
2011-12-27,11152,9 3 1 9 6 7 4
2011-12-25,11151,4 1 5 8 3 6 1
2011-12-23,11150,1 5 2 5 8 9 2
2011-12-20,11149,7 0 7 7 5 2 1
2011-12-18,11148,5 5 4 4 2 0 7
2011-12-16,11147,0 0 5 4 3 2 2
2011-12-13,11146,6 9 3 9 4 0 2
2011-12-11,11145,2 6 7 5 7 0 6
2011-12-09,11144,4 8 3 1 9 0 5
2011-12-06,11143,3 6 3 5 6 4 4
2011-12-04,11142,6 5 7 2 6 5 3
2011-12-02,11141,1 2 9 2 0 5 9
2011-11-29,11140,1 9 5 8 7 2 5
2011-11-27,11139,6 6 3 6 2 4 4
2011-11-25,11138,7 4 2 7 0 8 8
2011-11-22,11137,9 0 1 2 9 8 7
2011-11-20,11136,4 2 6 0 2 8 2
2011-11-18,11135,2 1 5 2 6 1 3
2011-11-15,11134,7 9 6 0 3 5 3
2011-11-13,11133,7 2 5 2 1 5 6
2011-11-11,11132,9 6 6 3 3 6 3
2011-11-08,11131,0 2 0 4 9 7 2
2011-11-06,11130,6 4 1 7 7 8 6
2011-11-04,11129,6 8 2 5 9 8 9
2011-11-01,11128,0 6 8 5 0 0 8
2011-10-30,11127,4 0 7 0 3 7 7
2011-10-28,11126,9 1 8 3 8 6 1
2011-10-25,11125,1 5 2 2 1 6 6
2011-10-23,11124,8 2 3 4 9 4 3
2011-10-21,11123,9 8 5 1 3 2 4
2011-10-18,11122,2 1 5 6 0 6 0
2011-10-16,11121,9 2 1 5 4 7 1
2011-10-14,11120,4 3 2 8 3 2 7
2011-10-11,11119,5 9 1 0 5 4 7
2011-10-09,11118,7 4 3 0 6 9 4
2011-10-07,11117,1 1 7 4 8 2 7
2011-10-04,11116,0 0 2 5 1 7 9
2011-10-02,11115,2 1 3 1 5 3 5
2011-09-30,11114,5 9 7 1 5 4 5
2011-09-27,11113,6 2 2 7 8 7 8
2011-09-25,11112,5 4 1 3 9 2 5
2011-09-23,11111,6 6 1 5 7 0 1
2011-09-20,11110,8 7 4 1 5 9 1
2011-09-18,11109,0 2 0 9 8 3 7
2011-09-16,11108,4 2 6 1 7 2 6
2011-09-13,11107,4 5 4 3 3 9 8
2011-09-11,11106,5 3 3 6 6 9 6
2011-09-09,11105,5 7 2 7 1 7 2
2011-09-06,11104,1 1 4 9 1 3 2
2011-09-04,11103,2 8 4 9 2 9 6
2011-09-02,11102,4 3 5 4 1 1 0
2011-08-30,11101,6 0 1 2 9 5 6
2011-08-28,11100,9 7 6 7 7 1 1
2011-08-26,11099,1 1 0 7 4 7 5
2011-08-23,11098,0 0 9 5 6 0 3
2011-08-21,11097,1 5 2 6 5 8 7
2011-08-19,11096,8 9 9 8 3 8 2
2011-08-16,11095,4 4 2 0 5 9 1
2011-08-14,11094,8 9 6 0 7 9 5
2011-08-12,11093,9 5 9 2 4 5 3
2011-08-09,11092,4 1 6 4 2 5 7
2011-08-07,11091,7 3 1 4 8 6 9
2011-08-05,11090,3 9 0 1 3 6 1
2011-08-02,11089,4 5 8 0 0 6 7
2011-07-31,11088,0 1 8 3 6 8 9
2011-07-29,11087,3 2 5 7 1 1 4
2011-07-26,11086,0 1 5 1 8 7 3
2011-07-24,11085,5 9 5 7 5 4 0
2011-07-22,11084,3 5 4 8 2 7 8
2011-07-19,11083,3 6 0 7 4 9 0
2011-07-17,11082,1 4 0 2 9 0 7
2011-07-15,11081,2 3 7 3 7 4 6
2011-07-12,11080,2 5 7 9 5 5 0
2011-07-10,11079,3 8 2 9 7 1 5
2011-07-08,11078,5 8 6 5 6 2 5
2011-07-05,11077,4 6 9 4 2 3 7
2011-07-03,11076,3 5 2 7 0 4 1
2011-07-01,11075,7 1 9 1 3 1 2
2011-06-28,11074,0 8 1 9 0 5 6
2011-06-26,11073,9 7 1 0 8 4 5
2011-06-24,11072,3 7 1 4 1 4 6
2011-06-21,11071,6 2 3 8 5 4 4
2011-06-19,11070,4 0 0 3 0 2 0
2011-06-17,11069,9 2 4 7 9 5 2
2011-06-14,11068,2 5 2 5 7 1 5
2011-06-12,11067,7 3 7 3 0 8 8
2011-06-10,11066,8 1 3 5 1 8 1
2011-06-07,11065,0 0 0 9 9 2 1
2011-06-05,11064,7 3 4 8 3 4 4
2011-06-03,11063,7 7 4 1 5 8 1
2011-05-31,11062,3 4 3 6 2 8 4
2011-05-29,11061,0 8 4 2 2 7 4
2011-05-27,11060,8 4 5 4 8 2 0
2011-05-24,11059,4 4 2 0 5 7 2
2011-05-22,11058,4 3 5 9 0 1 2
2011-05-20,11057,5 1 8 8 5 1 6
2011-05-17,11056,9 4 5 6 5 0 5
2011-05-15,11055,7 5 8 0 8 1 2
2011-05-13,11054,9 4 0 9 3 4 3
2011-05-10,11053,6 2 4 4 6 9 2
2011-05-08,11052,7 7 0 8 5 3 3
2011-05-06,11051,3 2 7 7 4 0 1
2011-05-03,11050,2 1 9 3 5 6 0
2011-05-01,11049,1 4 5 8 1 8 9
2011-04-29,11048,0 0 5 7 6 8 9
2011-04-26,11047,7 9 1 2 2 9 5
2011-04-24,11046,1 1 6 3 8 4 7
2011-04-22,11045,0 8 8 9 3 9 9
2011-04-19,11044,6 6 3 5 8 4 6
2011-04-17,11043,6 6 8 9 7 2 0
2011-04-15,11042,4 7 6 1 3 6 2
2011-04-12,11041,6 6 6 9 3 6 6
2011-04-10,11040,3 8 8 8 7 5 7
2011-04-08,11039,9 6 2 7 7 3 1
2011-04-05,11038,0 1 2 4 7 4 5
2011-04-03,11037,8 5 5 6 9 4 6
2011-04-01,11036,3 6 8 4 6 2 7
2011-03-29,11035,2 7 4 8 7 7 2
2011-03-27,11034,6 4 9 8 9 6 2
2011-03-25,11033,2 0 5 2 5 3 6
2011-03-22,11032,2 0 8 1 6 3 2
2011-03-20,11031,7 6 4 1 7 3 5
2011-03-18,11030,4 4 5 2 9 3 3
2011-03-15,11029,1 6 4 0 0 0 2
2011-03-13,11028,5 2 3 5 8 2 5
2011-03-11,11027,8 6 2 3 2 3 7
2011-03-08,11026,2 0 5 8 3 6 5
2011-03-06,11025,8 9 2 7 7 5 3
2011-03-04,11024,9 3 7 7 3 7 0
2011-03-01,11023,7 4 0 3 5 9 1
2011-02-27,11022,7 5 3 2 0 0 6
2011-02-25,11021,6 0 7 2 0 7 0
2011-02-22,11020,7 2 5 0 2 6 1
2011-02-20,11019,6 0 8 8 9 9 4
2011-02-18,11018,6 6 2 2 5 7 7
2011-02-15,11017,7 2 5 9 2 6 3
2011-02-13,11016,5 3 5 9 7 9 3
2011-02-11,11015,5 0 1 2 1 1 3
2011-02-01,11014,3 4 4 0 2 8 8
2011-01-30,11013,5 9 8 8 4 2 2
2011-01-28,11012,4 7 4 4 5 0 0
2011-01-25,11011,0 0 6 6 3 6 6
2011-01-23,11010,1 3 6 3 3 7 8
2011-01-21,11009,1 1 0 7 5 3 0
2011-01-18,11008,8 3 6 6 6 7 0
2011-01-16,11007,3 4 9 8 5 5 3
2011-01-14,11006,1 6 5 0 9 5 7
2011-01-11,11005,2 9 6 9 6 4 5
2011-01-09,11004,3 6 0 4 1 6 6
2011-01-07,11003,9 0 9 8 0 9 3
2011-01-04,11002,0 1 5 0 6 5 0
2011-01-02,11001,9 8 4 5 8 5 4
2010-12-31,10154,5 2 5 2 9 7 4
2010-12-28,10153,5 8 6 9 3 6 7
2010-12-26,10152,6 8 4 2 0 1 5
2010-12-24,10151,5 2 9 5 7 6 7
2010-12-21,10150,7 6 7 4 2 1 3
2010-12-19,10149,9 2 5 7 4 8 5
2010-12-17,10148,1 8 6 5 0 5 5
2010-12-14,10147,2 1 1 0 8 7 3
2010-12-12,10146,1 1 6 8 2 0 1
2010-12-10,10145,5 3 0 3 2 9 7
2010-12-07,10144,0 7 8 4 2 0 5
2010-12-05,10143,0 5 7 8 6 8 4
2010-12-03,10142,1 9 4 3 7 4 6
2010-11-30,10141,1 8 5 8 5 8 3
2010-11-28,10140,2 6 6 3 3 0 9
2010-11-26,10139,0 9 8 7 2 6 5
2010-11-23,10138,9 6 2 7 6 8 8
2010-11-21,10137,7 7 7 7 0 7 7
2010-11-19,10136,1 3 3 4 7 3 1
2010-11-16,10135,1 9 0 0 8 4 1
2010-11-14,10134,6 7 9 9 4 3 6
2010-11-12,10133,9 8 9 4 4 6 8
2010-11-09,10132,7 6 5 8 3 3 8
2010-11-07,10131,2 7 6 0 2 1 2
2010-11-05,10130,6 6 7 4 5 2 1
2010-11-02,10129,3 1 4 8 9 9 8
2010-10-31,10128,9 7 4 0 6 1 1
2010-10-29,10127,6 4 8 2 5 7 4
2010-10-26,10126,3 9 6 6 0 2 4
2010-10-24,10125,5 8 2 2 1 4 6
2010-10-22,10124,9 9 7 7 0 3 0
2010-10-19,10123,3 8 6 9 6 9 7
2010-10-17,10122,0 2 7 7 8 3 4
2010-10-15,10121,4 1 3 0 7 3 5
2010-10-12,10120,2 1 9 6 7 5 2
2010-10-10,10119,5 1 5 2 6 5 7
2010-10-08,10118,3 6 5 3 8 0 4
2010-10-05,10117,4 5 3 9 1 9 7
2010-10-03,10116,9 3 7 0 4 3 0
2010-10-01,10115,2 0 8 7 3 9 3
2010-09-28,10114,9 6 6 3 5 5 4
2010-09-26,10113,5 7 3 7 6 9 9
2010-09-24,10112,1 8 4 4 9 5 2
2010-09-21,10111,7 0 4 6 0 7 7
2010-09-19,10110,5 4 4 2 4 0 4
2010-09-17,10109,5 3 2 0 7 7 0
2010-09-14,10108,6 4 6 5 4 9 0
2010-09-12,10107,2 5 9 4 4 4 8
2010-09-10,10106,9 3 8 2 1 9 4
2010-09-07,10105,7 7 6 0 9 9 9
2010-09-05,10104,5 5 3 1 9 7 9
2010-09-03,10103,0 7 2 9 6 0 3
2010-08-31,10102,7 5 4 0 6 6 2
2010-08-29,10101,3 7 5 9 1 8 8
2010-08-27,10100,5 5 6 6 7 4 0
2010-08-24,10099,2 7 7 7 9 2 8
2010-08-22,10098,5 6 6 7 5 7 9
2010-08-20,10097,3 4 9 0 6 7 1
2010-08-17,10096,5 0 6 8 8 6 4
2010-08-15,10095,8 3 8 7 8 5 8
2010-08-13,10094,5 5 6 4 6 1 3
2010-08-10,10093,4 6 1 6 3 6 3
2010-08-08,10092,1 1 9 9 1 0 2
2010-08-06,10091,6 7 2 6 0 0 2
2010-08-03,10090,5 6 1 8 4 6 6
2010-08-01,10089,9 1 8 8 6 3 1
2010-07-30,10088,4 4 3 4 7 2 5
2010-07-27,10087,0 6 5 5 8 8 1
2010-07-25,10086,5 4 5 7 8 7 4
2010-07-23,10085,7 9 1 4 0 7 0
2010-07-20,10084,8 0 1 6 5 3 2
2010-07-18,10083,6 0 4 0 3 3 0
2010-07-16,10082,5 7 2 6 3 1 6
2010-07-13,10081,0 1 7 6 2 3 1
2010-07-11,10080,1 1 1 1 5 7 1
2010-07-09,10079,3 9 2 4 2 5 6
2010-07-06,10078,1 7 8 1 1 8 9
2010-07-04,10077,3 3 4 4 3 8 0
2010-07-02,10076,8 0 3 2 2 9 3
2010-06-29,10075,8 6 2 2 3 3 0
2010-06-27,10074,3 8 2 3 4 2 7
2010-06-25,10073,6 5 2 1 7 3 4
2010-06-22,10072,3 1 6 5 3 8 1
2010-06-20,10071,4 8 4 1 6 0 5
2010-06-18,10070,9 5 8 4 1 1 5
2010-06-15,10069,1 5 1 4 1 0 9
2010-06-13,10068,9 0 7 7 1 9 5
2010-06-11,10067,8 0 1 7 4 2 2
2010-06-08,10066,8 9 9 0 9 3 6
2010-06-06,10065,5 5 0 9 8 9 3
2010-06-04,10064,0 0 7 5 2 2 0
2010-06-01,10063,5 8 8 5 4 0 6
2010-05-30,10062,4 9 2 2 6 0 7
2010-05-28,10061,6 5 4 0 7 2 4
2010-05-25,10060,0 6 5 3 1 8 9
2010-05-23,10059,8 4 1 5 7 3 6
2010-05-21,10058,8 0 8 6 7 1 9
2010-05-18,10057,1 5 7 4 1 4 3
2010-05-16,10056,8 1 9 5 3 9 4
2010-05-14,10055,3 4 6 1 2 2 9
2010-05-11,10054,4 0 3 6 5 1 6
2010-05-09,10053,9 5 0 7 2 5 3
2010-05-07,10052,8 0 3 9 2 2 2
2010-05-04,10051,7 5 4 7 8 9 5
2010-05-02,10050,6 3 8 7 8 2 3
2010-04-30,10049,5 4 6 4 8 3 7
2010-04-27,10048,6 7 7 4 6 4 6
2010-04-25,10047,0 3 1 6 6 5 5
2010-04-23,10046,4 1 3 1 2 4 0
2010-04-20,10045,8 7 2 0 0 1 3
2010-04-18,10044,1 4 2 5 6 6 6
2010-04-16,10043,6 8 2 2 6 6 5
2010-04-13,10042,8 3 2 1 9 4 9
2010-04-11,10041,6 6 7 7 3 0 6
2010-04-09,10040,8 5 9 4 1 0 4
2010-04-06,10039,3 1 0 8 7 8 0
2010-04-04,10038,8 7 1 8 1 2 7
2010-04-02,10037,4 9 6 7 3 4 7
2010-03-30,10036,3 7 9 3 7 4 4
2010-03-28,10035,9 8 9 5 7 6 9
2010-03-26,10034,3 3 8 1 4 0 3
2010-03-23,10033,9 1 5 5 0 2 0
2010-03-21,10032,9 2 8 7 7 2 7
2010-03-19,10031,4 8 5 0 9 2 8
2010-03-16,10030,7 6 9 5 8 9 0
2010-03-14,10029,7 6 6 8 3 8 3
2010-03-12,10028,5 1 7 0 6 9 9
2010-03-09,10027,0 9 4 7 2 3 8
2010-03-07,10026,6 5 8 8 1 0 6
2010-03-05,10025,4 4 4 2 0 6 5
2010-03-02,10024,9 6 6 7 9 5 8
2010-02-28,10023,4 4 8 3 7 4 3
2010-02-26,10022,9 8 0 5 7 9 4
2010-02-23,10021,9 5 4 2 2 4 4
2010-02-21,10020,9 6 0 8 0 8 8
2010-02-12,10019,7 7 7 9 2 6 9
2010-02-09,10018,0 0 6 2 6 2 5
2010-02-07,10017,9 1 3 2 2 6 8
2010-02-05,10016,6 6 6 9 5 1 7
2010-02-02,10015,2 5 2 2 1 3 9
2010-01-31,10014,2 5 0 9 1 0 6
2010-01-29,10013,9 5 5 7 7 2 0
2010-01-26,10012,5 1 6 1 3 3 5
2010-01-24,10011,8 8 7 2 1 9 5
2010-01-22,10010,3 3 0 5 6 8 8
2010-01-19,10009,6 1 4 9 7 0 2
2010-01-17,10008,5 2 8 5 3 9 1
2010-01-15,10007,7 0 5 8 3 4 7
2010-01-12,10006,1 6 4 3 9 9 0
2010-01-10,10005,3 5 0 1 1 5 8
2010-01-08,10004,4 0 6 0 9 1 0
2010-01-05,10003,1 4 5 6 7 8 0
2010-01-03,10002,3 9 8 5 5 0 4
2010-01-01,10001,2 9 0 1 4 4 4
2009-12-29,09153,4 3 5 2 3 6 5
2009-12-27,09152,0 0 8 4 4 0 2
2009-12-25,09151,6 2 5 1 6 4 2
2009-12-22,09150,2 8 4 5 5 6 2
2009-12-20,09149,1 4 4 4 5 5 1
2009-12-18,09148,2 3 7 2 6 2 6
2009-12-15,09147,3 0 2 9 9 8 1
2009-12-13,09146,0 7 8 0 4 9 0
2009-12-11,09145,9 6 0 3 1 1 8
2009-12-08,09144,8 7 9 7 1 8 6
2009-12-06,09143,4 0 4 7 3 7 0
2009-12-04,09142,2 7 5 0 4 9 7
2009-12-01,09141,0 8 8 9 6 9 7
2009-11-29,09140,3 7 3 8 1 4 3
2009-11-27,09139,8 3 6 3 9 9 0
2009-11-24,09138,6 5 5 7 8 4 4
2009-11-22,09137,5 1 1 2 8 0 2
2009-11-20,09136,1 1 6 0 0 5 9
2009-11-17,09135,9 8 4 6 8 9 0
2009-11-15,09134,7 4 4 8 7 6 8
2009-11-13,09133,5 4 4 2 7 4 7
2009-11-10,09132,9 2 5 5 2 5 9
2009-11-08,09131,5 8 5 0 1 7 8
2009-11-06,09130,2 7 5 2 6 8 3
2009-11-03,09129,5 0 7 4 4 6 1
2009-11-01,09128,2 4 4 1 0 1 7
2009-10-30,09127,7 2 1 1 5 8 8
2009-10-27,09126,3 9 1 5 3 4 1
2009-10-25,09125,8 0 9 1 4 2 2
2009-10-23,09124,9 8 7 2 9 3 4
2009-10-20,09123,8 7 1 9 6 8 0
2009-10-18,09122,6 5 3 0 5 7 6
2009-10-16,09121,5 5 4 7 5 7 1
2009-10-13,09120,3 5 6 3 2 7 9
2009-10-11,09119,6 8 8 0 9 5 9
2009-10-09,09118,2 1 0 2 9 4 7
2009-10-06,09117,2 4 3 3 2 4 3
2009-10-04,09116,5 3 3 1 9 6 0
2009-10-02,09115,0 8 6 3 3 6 5
2009-09-29,09114,5 9 7 9 6 8 4
2009-09-27,09113,8 0 1 9 8 4 1
2009-09-25,09112,2 8 3 2 4 3 2
2009-09-22,09111,0 7 9 4 2 7 3
2009-09-20,09110,4 7 8 4 3 2 0
2009-09-18,09109,4 3 1 4 0 6 4
2009-09-15,09108,8 4 0 9 8 7 8
2009-09-13,09107,7 0 4 2 7 2 1
2009-09-11,09106,4 6 8 6 3 8 9
2009-09-08,09105,9 0 4 3 7 9 6
2009-09-06,09104,8 4 5 8 4 9 4
2009-09-04,09103,9 6 4 9 9 5 3
2009-09-01,09102,7 1 3 1 5 2 0
2009-08-30,09101,2 1 2 5 5 9 2
2009-08-28,09100,7 2 2 9 4 0 1
2009-08-25,09099,7 7 0 0 0 6 3
2009-08-23,09098,1 6 7 2 5 6 7
2009-08-21,09097,1 4 8 3 9 8 6
2009-08-18,09096,6 4 1 2 2 8 5
2009-08-16,09095,3 3 1 3 9 7 2
2009-08-14,09094,7 2 2 0 5 6 0
2009-08-11,09093,4 6 6 2 7 0 3
2009-08-09,09092,8 6 0 3 4 9 5
2009-08-07,09091,0 8 2 4 6 5 5
2009-08-04,09090,7 6 7 5 1 7 2
2009-08-02,09089,0 9 4 2 5 2 1
2009-07-31,09088,0 3 6 1 9 6 3
2009-07-28,09087,3 6 7 1 2 2 6
2009-07-26,09086,9 3 1 0 2 7 3
2009-07-24,09085,4 7 9 8 7 7 0
2009-07-21,09084,5 4 5 1 6 6 6
2009-07-19,09083,4 1 4 5 8 4 5
2009-07-17,09082,9 4 4 5 9 1 3
2009-07-14,09081,5 4 9 6 3 5 8
2009-07-12,09080,4 5 1 0 0 8 0
2009-07-10,09079,3 9 4 0 6 5 9
2009-07-07,09078,8 9 3 3 0 0 8
2009-07-05,09077,5 6 5 5 1 4 7
2009-07-03,09076,2 3 7 3 1 0 0
2009-06-30,09075,3 9 0 6 5 3 5
2009-06-28,09074,6 9 0 7 8 2 4
2009-06-26,09073,0 9 9 8 8 6 0
2009-06-23,09072,7 6 6 9 9 4 4
2009-06-21,09071,2 6 9 7 3 0 4
2009-06-19,09070,7 9 7 2 5 8 8
2009-06-16,09069,7 6 2 1 5 4 3
2009-06-14,09068,4 1 2 0 1 1 0
2009-06-12,09067,7 8 6 9 4 4 5
2009-06-09,09066,4 6 2 7 9 2 1
2009-06-07,09065,6 6 7 7 1 1 1
2009-06-05,09064,5 7 3 6 4 5 1
2009-06-02,09063,6 8 1 3 6 6 5
2009-05-31,09062,2 8 1 4 9 2 8
2009-05-29,09061,3 3 6 7 5 5 2
2009-05-26,09060,4 7 2 7 8 5 1
2009-05-24,09059,2 1 5 3 2 5 0
2009-05-22,09058,9 3 6 1 2 4 8
2009-05-19,09057,8 6 9 9 0 6 3
2009-05-17,09056,1 8 5 6 5 9 7
2009-05-15,09055,9 1 6 8 9 1 2
2009-05-12,09054,6 7 2 5 3 1 2
2009-05-10,09053,2 1 8 9 4 0 0
2009-05-08,09052,1 7 2 4 5 3 3
2009-05-05,09051,5 3 1 0 0 4 9
2009-05-03,09050,2 2 8 2 0 2 8
2009-05-01,09049,4 3 5 0 6 5 0
2009-04-28,09048,8 1 2 3 5 5 8
2009-04-26,09047,3 5 1 1 5 8 7
2009-04-24,09046,3 7 0 1 4 4 5
2009-04-21,09045,8 7 4 0 1 3 1
2009-04-19,09044,8 8 5 0 4 9 7
2009-04-17,09043,3 8 7 2 4 9 7
2009-04-14,09042,3 9 7 0 5 0 6
2009-04-12,09041,1 7 3 8 2 6 6
2009-04-10,09040,1 0 2 7 5 7 5
2009-04-07,09039,4 1 9 4 2 2 9
2009-04-05,09038,9 6 8 1 9 2 6
2009-04-03,09037,6 8 9 4 7 6 3
2009-03-31,09036,5 1 8 6 9 0 6
2009-03-29,09035,3 5 7 4 8 5 6
2009-03-27,09034,4 1 7 5 0 6 9
2009-03-24,09033,7 3 2 4 3 1 2
2009-03-22,09032,5 5 5 9 9 3 3
2009-03-20,09031,3 6 2 9 9 7 3
2009-03-17,09030,6 6 2 8 9 4 4
2009-03-15,09029,2 3 2 6 9 8 3
2009-03-13,09028,0 3 3 8 1 9 7
2009-03-10,09027,9 4 8 7 7 5 1
2009-03-08,09026,3 9 0 2 8 8 8
2009-03-06,09025,5 1 1 3 8 9 0
2009-03-03,09024,9 8 2 4 9 9 6
2009-03-01,09023,2 1 9 6 1 3 2
2009-02-27,09022,3 3 7 7 1 9 7
2009-02-24,09021,7 4 0 1 6 9 1
2009-02-22,09020,2 2 2 8 8 7 6
2009-02-20,09019,1 1 9 0 5 3 6
2009-02-17,09018,2 2 6 3 2 1 3
2009-02-15,09017,4 6 2 2 3 4 4
2009-02-13,09016,1 6 7 8 2 2 6
2009-02-10,09015,6 6 6 7 2 8 8
2009-02-08,09014,7 2 9 5 9 8 6
2009-02-06,09013,6 3 7 3 9 5 5
2009-02-03,09012,2 7 6 6 2 9 0
2009-02-01,09011,4 1 4 9 8 8 9
2009-01-23,09010,0 3 2 5 2 8 1
2009-01-20,09009,8 9 3 9 3 8 2
2009-01-18,09008,8 6 6 1 3 4 6
2009-01-16,09007,0 6 4 8 7 9 1
2009-01-13,09006,3 6 1 2 5 3 7
2009-01-11,09005,6 8 6 1 7 7 7
2009-01-09,09004,3 2 2 1 8 1 5
2009-01-06,09003,4 2 1 5 9 1 0
2009-01-04,09002,4 8 8 5 7 4 0
2009-01-02,09001,2 9 1 0 3 7 4
2008-12-30,08154,2 5 2 4 8 0 7
2008-12-28,08153,8 2 1 0 4 6 3
2008-12-26,08152,6 3 9 4 5 6 5
2008-12-23,08151,5 6 6 6 3 4 1
2008-12-21,08150,9 6 7 0 7 6 1
2008-12-19,08149,4 2 6 0 1 1 3
2008-12-16,08148,3 1 6 3 3 1 4
2008-12-14,08147,4 1 7 5 6 0 5
2008-12-12,08146,1 2 0 7 1 9 0
2008-12-09,08145,4 3 3 5 6 3 4
2008-12-07,08144,2 0 4 8 8 2 5
2008-12-05,08143,6 3 8 1 1 9 2
2008-12-02,08142,4 3 9 7 3 7 2
2008-11-30,08141,9 1 5 2 5 7 5
2008-11-28,08140,9 3 5 1 0 1 8
2008-11-25,08139,9 7 6 6 3 7 3
2008-11-23,08138,7 3 1 5 8 4 6
2008-11-21,08137,4 0 3 8 9 6 1
2008-11-18,08136,1 4 0 1 9 5 2
2008-11-16,08135,8 5 0 8 1 9 3
2008-11-14,08134,3 5 4 0 7 9 7
2008-11-11,08133,9 1 8 6 5 9 8
2008-11-09,08132,2 4 9 8 2 7 5
2008-11-07,08131,7 1 5 7 6 3 7
2008-11-04,08130,2 8 8 9 7 0 3
2008-11-02,08129,2 0 0 6 8 6 7
2008-10-31,08128,5 7 2 4 2 0 8
2008-10-28,08127,9 0 4 0 0 1 0
2008-10-26,08126,2 2 4 4 9 3 3
2008-10-24,08125,9 2 3 9 4 1 8
2008-10-21,08124,2 7 3 7 0 2 4
2008-10-19,08123,8 2 6 0 9 4 0
2008-10-17,08122,4 9 9 7 0 0 7
2008-10-14,08121,6 6 1 8 4 1 7
2008-10-12,08120,1 1 6 5 0 5 5
2008-10-10,08119,2 2 3 6 4 1 1
2008-10-07,08118,6 5 4 4 9 6 8
2008-10-05,08117,8 3 2 3 8 5 4
2008-10-03,08116,7 5 4 9 3 7 7
2008-09-30,08115,8 9 7 1 5 4 9
2008-09-28,08114,9 9 1 8 7 5 5
2008-09-26,08113,7 8 1 4 8 8 7
2008-09-23,08112,8 3 3 5 6 0 9
2008-09-21,08111,7 1 5 9 7 7 9
2008-09-19,08110,2 9 3 3 1 7 8
2008-09-16,08109,3 1 5 9 9 4 5
2008-09-14,08108,1 3 9 7 8 8 7
2008-09-12,08107,5 7 3 3 2 4 9
2008-09-09,08106,1 7 2 7 9 7 4
2008-09-07,08105,3 5 1 2 2 5 4
2008-09-05,08104,1 9 8 1 0 0 0
2008-09-02,08103,3 1 4 5 1 0 5
2008-08-31,08102,1 3 3 3 5 3 7
2008-08-29,08101,0 8 3 4 0 2 5
2008-08-26,08100,2 3 3 1 9 7 4
2008-08-24,08099,5 0 5 5 6 1 6
2008-08-22,08098,8 9 0 2 8 9 2
2008-08-19,08097,7 7 5 9 2 4 8
2008-08-17,08096,2 9 9 4 9 6 7
2008-08-15,08095,2 8 0 2 2 8 8
2008-08-12,08094,6 6 0 4 3 4 4
2008-08-10,08093,2 9 0 6 9 0 1
2008-08-08,08092,9 6 9 5 1 0 5
2008-08-05,08091,3 6 9 7 0 2 5
2008-08-03,08090,7 6 5 9 1 6 8
2008-08-01,08089,3 4 7 9 2 2 7
2008-07-29,08088,8 1 3 1 9 8 5
2008-07-27,08087,1 6 8 2 5 6 9
2008-07-25,08086,4 4 6 2 1 3 1
2008-07-22,08085,9 9 1 7 4 1 4
2008-07-20,08084,4 8 9 6 8 9 5
2008-07-18,08083,5 2 1 4 5 7 7
2008-07-15,08082,7 1 3 2 8 2 4
2008-07-13,08081,4 5 7 0 1 1 5
2008-07-11,08080,9 4 7 9 2 2 5
2008-07-08,08079,7 2 6 3 5 8 7
2008-07-06,08078,4 2 6 9 0 0 6
2008-07-04,08077,3 9 8 3 6 9 8
2008-07-01,08076,7 9 6 5 8 4 9
2008-06-29,08075,5 4 6 2 5 7 7
2008-06-27,08074,9 4 6 5 5 2 2
2008-06-24,08073,7 5 2 3 3 8 4
2008-06-22,08072,7 1 1 1 7 4 1
2008-06-20,08071,0 0 2 4 9 8 0
2008-06-17,08070,2 0 6 0 0 3 5
2008-06-15,08069,4 2 3 8 6 9 1
2008-06-13,08068,0 1 4 3 8 9 6
2008-06-10,08067,7 3 4 0 3 2 7
2008-06-08,08066,1 2 4 1 8 2 4
2008-06-06,08065,7 5 8 0 9 3 9
2008-06-03,08064,8 0 3 0 0 8 9
2008-06-01,08063,0 0 9 3 7 5 9
2008-05-30,08062,6 5 5 2 0 2 2
2008-05-27,08061,9 0 0 0 8 1 8
2008-05-25,08060,1 5 6 8 4 9 2
2008-05-23,08059,2 1 0 7 6 9 7
2008-05-20,08058,5 4 6 9 5 4 5
2008-05-18,08057,3 5 9 7 7 1 6
2008-05-16,08056,4 1 3 0 4 1 8
2008-05-13,08055,3 5 2 6 3 6 1
2008-05-11,08054,9 6 7 5 0 3 2
2008-05-09,08053,8 5 1 7 0 7 2
2008-05-06,08052,9 6 1 9 6 6 7
2008-05-04,08051,8 6 9 5 6 5 0
2008-05-02,08050,7 1 4 6 6 6 9
2008-04-29,08049,6 2 7 8 5 5 6
2008-04-27,08048,4 6 4 1 3 8 3
2008-04-25,08047,8 9 8 4 9 0 8
2008-04-22,08046,2 1 6 0 8 7 0
2008-04-20,08045,1 8 0 9 5 5 2
2008-04-18,08044,9 6 5 1 8 5 3
2008-04-15,08043,7 9 8 5 2 0 9
2008-04-13,08042,7 3 8 1 1 1 0
2008-04-11,08041,6 0 5 4 1 9 5
2008-04-08,08040,5 9 0 5 8 2 5
2008-04-06,08039,8 8 2 3 2 0 0
2008-04-04,08038,3 9 3 2 8 8 6
2008-04-01,08037,5 0 9 9 2 3 6
2008-03-30,08036,3 7 0 9 5 4 2
2008-03-28,08035,6 8 9 0 3 3 8
2008-03-25,08034,9 1 5 2 6 6 9
2008-03-23,08033,3 8 5 3 0 1 7
2008-03-21,08032,2 2 5 3 5 2 7
2008-03-18,08031,0 7 4 1 4 2 1
2008-03-16,08030,3 8 9 0 4 3 6
2008-03-14,08029,3 7 9 8 6 5 6
2008-03-11,08028,3 3 2 6 6 3 1
2008-03-09,08027,2 0 4 1 3 1 0
2008-03-07,08026,8 3 3 9 0 2 7
2008-03-04,08025,3 7 6 0 2 3 9
2008-03-02,08024,1 1 7 2 4 7 2
2008-02-29,08023,9 1 8 8 0 0 1
2008-02-26,08022,6 9 6 1 1 4 0
2008-02-24,08021,6 4 8 7 2 3 1
2008-02-22,08020,3 8 1 2 5 0 1
2008-02-19,08019,9 6 0 9 1 2 5
2008-02-17,08018,9 2 8 3 6 6 9
2008-02-15,08017,4 3 0 5 9 1 5
2008-02-05,08016,8 4 5 4 8 2 3
2008-02-03,08015,6 3 7 1 8 4 0
2008-02-01,08014,4 3 1 3 8 7 9
2008-01-29,08013,8 7 6 3 6 6 6
2008-01-27,08012,8 9 8 9 5 3 9
2008-01-25,08011,8 7 6 9 8 4 2
2008-01-22,08010,0 6 0 5 7 9 5
2008-01-20,08009,0 5 0 2 5 0 4
2008-01-18,08008,7 9 2 9 9 1 2
2008-01-15,08007,6 6 8 2 9 6 9
2008-01-13,08006,2 5 6 4 6 3 9
2008-01-11,08005,7 1 1 0 6 7 3
2008-01-08,08004,4 8 5 1 1 1 7
2008-01-06,08003,4 0 4 8 3 2 4
2008-01-04,08002,5 3 5 7 8 1 3
2008-01-01,08001,1 9 5 8 3 6 8
2007-12-30,07153,4 3 5 7 9 1 8
2007-12-28,07152,7 4 3 8 0 1 8
2007-12-25,07151,4 1 2 5 2 4 2
2007-12-23,07150,1 4 1 7 4 1 1
2007-12-21,07149,0 4 3 9 9 6 8
2007-12-18,07148,2 1 4 6 3 3 0
2007-12-16,07147,2 2 0 0 0 7 0
2007-12-14,07146,7 0 5 3 7 3 1
2007-12-11,07145,9 6 7 2 4 9 8
2007-12-09,07144,4 1 5 8 1 3 4
2007-12-07,07143,0 5 3 1 2 7 3
2007-12-04,07142,6 0 4 0 6 6 9
2007-12-02,07141,8 5 0 2 0 5 9
2007-11-30,07140,9 4 1 5 8 9 7
2007-11-27,07139,8 4 8 8 4 4 6
2007-11-25,07138,4 9 4 2 7 1 9
2007-11-23,07137,4 0 2 1 0 5 6
2007-11-20,07136,5 8 2 0 8 8 3
2007-11-18,07135,9 6 5 2 8 7 0
2007-11-16,07134,6 9 9 8 8 5 1
2007-11-13,07133,9 6 5 2 0 7 3
2007-11-11,07132,1 5 7 2 6 4 0
2007-11-09,07131,7 7 3 5 6 3 9
2007-11-06,07130,5 4 3 9 4 9 1
2007-11-04,07129,7 7 7 8 8 4 6
2007-11-02,07128,6 7 4 7 9 5 1
2007-10-30,07127,6 8 4 9 4 0 8
2007-10-28,07126,1 7 5 7 8 8 7
2007-10-26,07125,4 4 0 3 3 8 0
2007-10-23,07124,5 7 8 1 5 2 4
2007-10-21,07123,5 1 4 6 0 1 2
2007-10-19,07122,3 3 4 1 7 4 7
2007-10-16,07121,7 7 2 5 8 6 0
2007-10-14,07120,1 4 3 6 9 1 7
2007-10-12,07119,9 8 9 9 4 0 3
2007-10-09,07118,6 5 7 6 7 6 8
2007-10-07,07117,2 1 1 1 5 6 4
2007-10-05,07116,4 1 1 1 9 9 1
2007-10-02,07115,0 0 2 8 2 5 2
2007-09-30,07114,9 2 9 8 6 1 2
2007-09-28,07113,7 5 8 1 8 3 3
2007-09-25,07112,8 5 1 8 9 4 0
2007-09-23,07111,2 9 0 1 1 6 6
2007-09-21,07110,6 7 1 9 3 4 7
2007-09-18,07109,9 4 0 2 9 9 5
2007-09-16,07108,4 7 2 8 5 3 4
2007-09-14,07107,3 9 7 7 5 9 0
2007-09-11,07106,5 1 9 8 8 1 3
2007-09-09,07105,8 7 6 8 1 1 4
2007-09-07,07104,3 8 8 0 0 4 3
2007-09-04,07103,9 4 5 3 7 2 5
2007-09-02,07102,6 0 9 0 0 7 1
2007-08-31,07101,2 8 8 5 5 6 7
2007-08-28,07100,4 4 1 0 2 5 7
2007-08-26,07099,8 4 8 6 9 7 9
2007-08-24,07098,3 9 5 4 7 0 9
2007-08-21,07097,4 7 2 9 9 8 6
2007-08-19,07096,6 9 4 6 0 4 6
2007-08-17,07095,6 9 5 8 0 6 0
2007-08-14,07094,4 6 5 2 1 6 8
2007-08-12,07093,6 3 0 1 4 9 7
2007-08-10,07092,9 1 0 4 8 2 6
2007-08-07,07091,4 1 5 7 1 0 7
2007-08-05,07090,7 9 2 1 1 0 3
2007-08-03,07089,0 5 2 5 5 4 9
2007-07-31,07088,7 0 9 8 4 9 3
2007-07-29,07087,0 3 5 2 6 1 1
2007-07-27,07086,1 7 0 5 4 3 1
2007-07-24,07085,1 2 1 6 7 7 5
2007-07-22,07084,3 0 4 3 7 8 6
2007-07-20,07083,5 0 9 0 4 1 4
2007-07-17,07082,1 6 9 0 0 0 3
2007-07-15,07081,8 0 0 2 3 6 5
2007-07-13,07080,5 5 8 7 0 2 6
2007-07-10,07079,5 4 6 8 4 6 9
2007-07-08,07078,5 3 8 3 3 5 2
2007-07-06,07077,6 9 6 0 3 1 3
2007-07-03,07076,8 5 4 6 9 8 9
2007-07-01,07075,4 6 2 0 9 5 4
2007-06-29,07074,1 8 3 6 6 7 3
2007-06-26,07073,1 7 6 3 2 7 0
2007-06-24,07072,0 7 6 0 4 2 7
2007-06-22,07071,8 8 3 2 3 5 6
2007-06-19,07070,2 8 5 7 8 9 0
2007-06-17,07069,8 6 0 9 2 6 9
2007-06-15,07068,6 8 4 7 0 7 3
2007-06-12,07067,6 2 8 0 3 3 5
2007-06-10,07066,7 5 0 7 3 7 9
2007-06-08,07065,4 1 9 1 9 1 7
2007-06-05,07064,4 2 7 3 9 8 3
2007-06-03,07063,1 4 9 4 4 2 0
2007-06-01,07062,8 7 6 0 0 2 3
2007-05-29,07061,1 2 0 1 9 3 3
2007-05-27,07060,8 9 8 3 3 0 0
2007-05-25,07059,4 2 0 7 3 1 9
2007-05-22,07058,5 5 1 9 8 3 7
2007-05-20,07057,5 1 3 8 2 0 7
2007-05-18,07056,2 0 8 1 5 8 2
2007-05-15,07055,6 8 3 5 9 5 3
2007-05-13,07054,1 5 4 3 2 1 7
2007-05-11,07053,1 6 8 7 2 9 9
2007-05-08,07052,4 5 0 7 8 0 4
2007-05-06,07051,4 3 5 3 1 4 0
2007-05-04,07050,8 4 1 6 9 6 0
2007-05-01,07049,2 4 7 7 5 5 4
2007-04-29,07048,9 3 9 4 5 1 9
2007-04-27,07047,2 4 1 2 1 6 0
2007-04-24,07046,2 0 9 9 9 6 0
2007-04-22,07045,7 8 3 0 9 1 4
2007-04-20,07044,8 5 7 6 2 5 8
2007-04-17,07043,8 1 9 4 9 5 7
2007-04-15,07042,0 0 9 7 3 4 2
2007-04-13,07041,9 8 2 7 2 7 2
2007-04-10,07040,2 2 5 5 3 9 6
2007-04-08,07039,1 6 2 6 4 7 3
2007-04-06,07038,3 1 1 1 3 8 3
2007-04-03,07037,4 2 3 5 7 4 4
2007-04-01,07036,7 5 6 5 3 1 7
2007-03-30,07035,8 8 8 5 1 1 6
2007-03-27,07034,2 4 2 4 1 9 8
2007-03-25,07033,4 7 5 2 2 8 8
2007-03-23,07032,3 1 2 1 2 9 9
2007-03-20,07031,9 6 1 6 3 5 2
2007-03-18,07030,5 8 1 1 3 0 2
2007-03-16,07029,9 1 4 0 2 0 0
2007-03-13,07028,1 7 6 7 5 0 3
2007-03-11,07027,2 0 0 5 7 9 6
2007-03-09,07026,0 4 9 7 4 5 2
2007-03-06,07025,6 1 3 0 0 0 0
2007-03-04,07024,9 3 9 8 5 4 6
2007-03-02,07023,5 8 6 2 3 5 4
2007-02-27,07022,6 1 1 0 3 9 6
2007-02-25,07021,0 3 4 6 7 5 6
2007-02-16,07020,3 6 7 0 9 2 5
2007-02-13,07019,1 2 8 6 2 7 8
2007-02-11,07018,0 9 9 1 8 4 5
2007-02-09,07017,9 0 8 5 4 7 8
2007-02-06,07016,2 5 0 4 5 5 7
2007-02-04,07015,3 1 7 9 5 8 5
2007-02-02,07014,3 4 1 5 3 1 4
2007-01-30,07013,0 8 6 6 0 0 8
2007-01-28,07012,5 2 6 3 4 6 1
2007-01-26,07011,3 9 2 3 1 9 3
2007-01-23,07010,1 6 0 9 8 7 7
2007-01-21,07009,5 3 8 7 2 0 8
2007-01-19,07008,2 1 6 6 7 3 5
2007-01-16,07007,5 1 8 9 6 9 4
2007-01-14,07006,0 3 5 3 6 1 0
2007-01-12,07005,4 6 4 0 2 0 4
2007-01-09,07004,6 4 3 1 9 9 7
2007-01-07,07003,5 7 5 8 6 8 7
2007-01-05,07002,8 3 3 5 8 8 2
2007-01-02,07001,3 9 5 5 5 3 6
2006-12-31,06154,1 7 4 2 9 6 0
2006-12-29,06153,5 9 7 0 7 8 4
2006-12-26,06152,1 1 7 9 8 1 9
2006-12-24,06151,0 4 6 3 1 6 2
2006-12-22,06150,9 8 6 6 5 0 9
2006-12-19,06149,4 0 3 9 8 5 2
2006-12-17,06148,0 9 2 2 7 4 8
2006-12-15,06147,1 8 5 7 5 5 4
2006-12-12,06146,1 9 1 5 7 7 9
2006-12-10,06145,4 8 6 4 6 9 7
2006-12-08,06144,8 8 9 6 8 8 0
2006-12-05,06143,2 5 3 4 3 2 5
2006-12-03,06142,2 3 9 2 3 8 4
2006-12-01,06141,1 5 3 2 0 2 0
2006-11-28,06140,6 8 9 9 0 4 9
2006-11-26,06139,3 3 9 9 2 1 3
2006-11-24,06138,4 2 7 2 1 6 4
2006-11-21,06137,0 3 8 7 7 2 1
2006-11-19,06136,4 8 1 4 3 4 5
2006-11-17,06135,8 9 4 1 1 4 5
2006-11-14,06134,7 9 9 4 6 2 3
2006-11-12,06133,1 3 4 3 3 0 6
2006-11-10,06132,6 0 1 7 2 2 0
2006-11-07,06131,5 1 8 4 4 9 0
2006-11-05,06130,7 8 6 7 7 6 2
2006-11-03,06129,1 8 6 6 2 2 1
2006-10-31,06128,2 1 4 1 3 8 9
2006-10-29,06127,3 7 8 9 9 1 9
2006-10-27,06126,6 2 4 1 6 2 8
2006-10-24,06125,2 3 6 1 4 4 7
2006-10-22,06124,5 3 8 1 3 1 5
2006-10-20,06123,3 7 7 0 4 3 6
2006-10-17,06122,5 4 0 8 7 0 6
2006-10-15,06121,9 4 0 9 2 1 0
2006-10-13,06120,1 8 3 6 9 7 8
2006-10-10,06119,2 1 9 3 2 3 8
2006-10-08,06118,9 8 6 3 3 8 3
2006-10-06,06117,5 1 3 4 9 2 8
2006-10-03,06116,9 3 2 9 2 8 6
2006-10-01,06115,3 8 4 2 7 8 9
2006-09-29,06114,6 4 0 2 1 5 4
2006-09-26,06113,2 5 9 9 2 1 2
2006-09-24,06112,8 1 2 4 4 5 4
2006-09-22,06111,9 3 1 1 0 1 0
2006-09-19,06110,1 2 9 1 3 2 6
2006-09-17,06109,5 7 4 1 8 2 6
2006-09-15,06108,7 0 1 8 3 1 8
2006-09-12,06107,1 1 0 7 4 8 8
2006-09-10,06106,4 5 3 2 5 7 4
2006-09-08,06105,5 7 4 8 3 8 4
2006-09-05,06104,9 5 7 2 0 8 8
2006-09-03,06103,2 7 9 4 8 7 3
2006-09-01,06102,9 7 2 6 6 3 4
2006-08-29,06101,3 2 3 9 6 7 7
2006-08-27,06100,1 7 1 5 0 0 4
2006-08-25,06099,8 4 3 9 2 6 8
2006-08-22,06098,8 8 7 0 3 5 1
2006-08-20,06097,8 5 4 3 9 4 4
2006-08-18,06096,0 6 1 3 3 3 4
2006-08-15,06095,6 1 6 8 8 3 4
2006-08-13,06094,0 7 5 8 4 9 3
2006-08-11,06093,8 4 4 1 1 9 9
2006-08-08,06092,7 7 4 8 1 2 9
2006-08-06,06091,7 3 1 2 1 4 2
2006-08-04,06090,2 4 4 6 5 3 5
2006-08-01,06089,9 0 5 0 1 3 3
2006-07-30,06088,2 1 2 0 5 1 6
2006-07-28,06087,6 4 5 2 8 5 9
2006-07-25,06086,1 7 9 5 0 4 2
2006-07-23,06085,1 9 3 3 9 7 9
2006-07-21,06084,7 9 5 0 8 6 7
2006-07-18,06083,4 0 4 7 0 6 8
2006-07-16,06082,4 5 7 5 4 5 6
2006-07-14,06081,0 1 2 1 2 1 4
2006-07-11,06080,1 0 9 8 4 2 5
2006-07-09,06079,3 4 1 2 6 2 1
2006-07-07,06078,4 8 3 0 6 1 5
2006-07-04,06077,4 6 5 1 6 5 1
2006-07-02,06076,2 3 0 9 8 6 7
2006-06-30,06075,2 3 4 3 9 0 0
2006-06-27,06074,1 1 4 0 0 6 9
2006-06-25,06073,4 3 1 5 0 0 5
2006-06-23,06072,3 8 4 4 4 9 0
2006-06-20,06071,0 8 6 8 1 8 0
2006-06-18,06070,2 4 7 0 1 1 1
2006-06-16,06069,1 0 5 8 4 6 3
2006-06-13,06068,2 4 5 0 1 8 3
2006-06-11,06067,9 6 3 0 5 4 9
2006-06-09,06066,3 2 7 9 9 1 0
2006-06-06,06065,3 6 8 7 4 6 5
2006-06-04,06064,7 9 2 2 2 6 0
2006-06-02,06063,3 1 2 2 6 3 3
2006-05-30,06062,0 2 1 3 4 5 1
2006-05-28,06061,3 1 3 9 7 9 4
2006-05-26,06060,9 1 1 8 8 9 1
2006-05-23,06059,0 5 7 5 2 9 5
2006-05-21,06058,8 2 3 6 2 4 1
2006-05-19,06057,4 7 2 9 0 6 7
2006-05-16,06056,5 9 3 3 8 8 2
2006-05-14,06055,2 2 2 1 7 1 1
2006-05-12,06054,7 6 5 6 8 8 5
2006-05-09,06053,0 6 5 6 8 8 6
2006-05-07,06052,5 2 5 0 8 0 7
2006-05-05,06051,6 9 7 4 8 6 5
2006-05-02,06050,4 5 3 8 1 3 3
2006-04-30,06049,9 7 6 0 5 3 6
2006-04-28,06048,4 3 7 6 0 3 9
2006-04-25,06047,9 6 4 6 1 7 4
2006-04-23,06046,1 0 7 4 5 2 5
2006-04-21,06045,8 5 1 0 1 6 5
2006-04-18,06044,2 7 3 9 0 3 3
2006-04-16,06043,8 1 2 3 9 5 2
2006-04-14,06042,9 1 8 4 8 7 0
2006-04-11,06041,6 3 9 7 9 5 4
2006-04-09,06040,5 6 1 8 0 7 3
2006-04-07,06039,1 6 1 8 9 2 3
2006-04-04,06038,1 3 6 6 8 7 0
2006-04-02,06037,1 6 7 6 2 4 3
2006-03-31,06036,7 4 4 5 1 7 5
2006-03-28,06035,1 5 0 1 3 9 3
2006-03-26,06034,0 1 3 3 2 7 5
2006-03-24,06033,5 8 2 8 6 4 6
2006-03-21,06032,7 3 2 6 8 8 1
2006-03-19,06031,6 7 0 5 3 3 0
2006-03-17,06030,8 8 0 5 8 1 4
2006-03-14,06029,0 6 6 7 2 8 9
2006-03-12,06028,0 4 4 8 5 3 1
2006-03-10,06027,2 1 8 8 2 7 7
2006-03-07,06026,8 1 5 7 6 6 0
2006-03-05,06025,0 3 3 1 9 7 4
2006-03-03,06024,9 0 6 2 2 9 0
2006-02-28,06023,9 9 0 6 8 7 6
2006-02-26,06022,2 5 2 3 6 0 7
2006-02-24,06021,3 5 0 0 7 1 4
2006-02-21,06020,3 0 2 4 1 2 9
2006-02-19,06019,0 0 6 7 9 9 2
2006-02-17,06018,4 6 9 3 3 5 4
2006-02-14,06017,3 8 7 8 9 6 9
2006-02-12,06016,9 8 8 2 0 5 7
2006-02-10,06015,2 1 8 2 5 8 6
2006-02-07,06014,7 0 4 7 6 8 3
2006-02-05,06013,2 3 0 6 6 0 0
2006-01-27,06012,2 4 9 3 7 6 0
2006-01-24,06011,2 1 9 4 0 0 2
2006-01-22,06010,1 3 6 0 5 0 2
2006-01-20,06009,2 8 1 0 2 4 0
2006-01-17,06008,0 7 6 2 3 9 1
2006-01-15,06007,7 2 1 9 8 6 6
2006-01-13,06006,2 5 7 8 2 2 7
2006-01-10,06005,5 6 3 5 7 5 8
2006-01-08,06004,8 1 5 8 1 1 8
2006-01-06,06003,4 5 3 5 7 6 2
2006-01-03,06002,6 7 2 5 8 1 4
2006-01-01,06001,6 6 5 9 0 5 2
2005-12-30,05153,1 9 2 7 9 4 6
2005-12-27,05152,0 9 4 9 8 8 3
2005-12-25,05151,7 5 8 5 1 0 8
2005-12-23,05150,9 6 8 1 3 6 2
2005-12-20,05149,4 8 7 7 5 2 8
2005-12-18,05148,3 0 8 1 5 3 1
2005-12-16,05147,9 1 1 1 6 9 6
2005-12-13,05146,8 7 9 9 7 9 6
2005-12-11,05145,5 0 6 3 9 6 8
2005-12-09,05144,8 9 9 6 4 3 8
2005-12-06,05143,9 7 0 7 7 1 7
2005-12-04,05142,0 1 8 7 0 2 7
2005-12-02,05141,0 1 7 8 7 8 7
2005-11-29,05140,0 4 9 8 5 5 2
2005-11-27,05139,9 2 1 4 1 9 5
2005-11-25,05138,5 2 2 8 7 2 2
2005-11-22,05137,9 0 2 6 8 7 1
2005-11-20,05136,2 9 2 5 8 1 7
2005-11-18,05135,8 1 4 9 8 1 8
2005-11-15,05134,5 0 5 7 1 7 1
2005-11-13,05133,3 0 1 3 9 5 7
2005-11-11,05132,1 1 6 1 7 2 5
2005-11-08,05131,2 1 4 1 3 8 9
2005-11-06,05130,5 8 5 0 2 5 2
2005-11-04,05129,8 8 8 7 0 2 1
2005-11-01,05128,7 0 9 2 4 9 6
2005-10-30,05127,8 6 3 6 3 7 2
2005-10-28,05126,4 0 4 1 3 6 5
2005-10-25,05125,0 8 2 2 5 0 3
2005-10-23,05124,5 7 1 1 9 0 9
2005-10-21,05123,5 5 6 6 0 8 9
2005-10-18,05122,2 9 4 8 3 9 4
2005-10-16,05121,7 2 4 3 5 8 2
2005-10-14,05120,7 4 9 3 9 9 0
2005-10-11,05119,7 5 1 7 9 5 2
2005-10-09,05118,9 3 1 7 2 3 2
2005-10-07,05117,7 7 9 9 0 7 6
2005-10-04,05116,1 4 4 5 9 4 8
2005-10-02,05115,8 6 0 9 4 7 0
2005-09-30,05114,8 5 2 2 7 6 0
2005-09-27,05113,5 2 5 2 0 3 9
2005-09-25,05112,3 4 2 6 3 3 6
2005-09-23,05111,9 6 6 1 3 5 9
2005-09-20,05110,5 1 3 1 4 8 5
2005-09-18,05109,3 1 3 9 4 0 6
2005-09-16,05108,5 3 9 9 1 2 9
2005-09-13,05107,2 9 5 9 2 6 2
2005-09-11,05106,6 2 7 1 4 8 2
2005-09-09,05105,7 8 8 0 5 4 0
2005-09-06,05104,8 3 2 0 7 6 7
2005-09-04,05103,6 7 2 4 3 2 8
2005-09-02,05102,5 8 5 2 8 7 4
2005-08-30,05101,1 8 3 8 7 0 2
2005-08-28,05100,9 0 4 4 2 5 1
2005-08-26,05099,3 5 5 2 5 1 6
2005-08-23,05098,2 9 3 4 5 4 7
2005-08-21,05097,5 5 6 1 5 0 0
2005-08-19,05096,0 3 4 7 9 0 0
2005-08-16,05095,7 9 3 5 3 4 7
2005-08-14,05094,1 4 6 6 2 7 0
2005-08-12,05093,1 3 9 9 0 5 9
2005-08-09,05092,1 8 4 9 5 4 4
2005-08-07,05091,5 2 4 5 6 6 2
2005-08-05,05090,2 3 0 2 8 5 9
2005-08-02,05089,3 2 6 9 9 5 8
2005-07-31,05088,3 3 3 8 7 6 2
2005-07-29,05087,0 7 9 4 5 1 2
2005-07-26,05086,1 7 8 6 5 4 4
2005-07-24,05085,6 1 3 4 6 6 5
2005-07-22,05084,8 3 6 9 7 9 0
2005-07-19,05083,4 6 8 4 9 5 2
2005-07-17,05082,5 1 9 7 9 7 0
2005-07-15,05081,4 1 9 7 5 1 9
2005-07-12,05080,2 2 9 7 2 8 0
2005-07-10,05079,3 7 1 8 2 7 3
2005-07-08,05078,7 2 9 1 6 8 0
2005-07-05,05077,9 7 1 7 9 2 7
2005-07-03,05076,1 6 5 5 8 7 3
2005-07-01,05075,2 4 1 6 5 0 6
2005-06-28,05074,8 8 0 3 2 2 7
2005-06-26,05073,7 1 6 9 3 3 3
2005-06-24,05072,8 6 0 6 1 3 6
2005-06-21,05071,9 6 7 4 9 6 1
2005-06-19,05070,6 6 4 3 9 2 3
2005-06-17,05069,3 9 0 5 0 2 7
2005-06-14,05068,4 8 5 4 9 8 6
2005-06-12,05067,8 6 1 0 2 8 7
2005-06-10,05066,5 1 9 2 0 1 5
2005-06-07,05065,9 9 3 1 0 6 9
2005-06-05,05064,8 3 6 4 5 3 0
2005-06-03,05063,9 7 1 3 4 7 3
2005-05-31,05062,4 3 3 6 7 1 7
2005-05-29,05061,6 5 6 6 4 7 0
2005-05-27,05060,0 1 9 3 2 9 0
2005-05-24,05059,0 1 7 6 8 6 9
2005-05-22,05058,1 7 6 5 2 8 6
2005-05-20,05057,7 6 4 9 1 4 7
2005-05-17,05056,8 8 4 9 9 6 3
2005-05-15,05055,5 0 5 4 4 4 9
2005-05-13,05054,7 8 8 1 8 4 1
2005-05-10,05053,2 1 2 4 7 7 4
2005-05-08,05052,8 2 0 0 2 4 3
2005-05-06,05051,1 9 5 6 4 4 1
2005-05-03,05050,8 7 2 2 5 2 9
2005-05-01,05049,6 8 1 4 3 4 1
2005-04-29,05048,3 0 7 9 0 3 0
2005-04-26,05047,0 1 4 3 3 2 8
2005-04-24,05046,9 2 3 1 2 3 3
2005-04-22,05045,6 2 4 2 8 5 5
2005-04-19,05044,6 5 8 0 4 4 4
2005-04-17,05043,3 3 4 1 2 1 8
2005-04-15,05042,6 5 0 7 0 3 6
2005-04-12,05041,1 0 5 6 3 5 3
2005-04-10,05040,6 6 1 9 5 4 6
2005-04-08,05039,7 0 9 7 1 3 0
2005-04-05,05038,1 7 2 1 7 4 7
2005-04-03,05037,4 3 0 9 0 7 1
2005-04-01,05036,6 3 0 0 8 8 6
2005-03-29,05035,3 1 6 1 5 5 8
2005-03-27,05034,1 2 9 2 8 4 0
2005-03-25,05033,7 4 1 8 9 4 7
2005-03-22,05032,0 9 9 2 3 3 7
2005-03-20,05031,0 6 0 3 2 2 1
2005-03-18,05030,6 1 7 5 8 4 1
2005-03-15,05029,2 7 6 0 2 7 1
2005-03-13,05028,5 9 9 4 5 6 5
2005-03-11,05027,3 5 6 7 5 2 4
2005-03-08,05026,6 9 7 1 5 2 8
2005-03-06,05025,3 3 1 9 4 7 6
2005-03-04,05024,6 2 0 5 1 2 9
2005-03-01,05023,4 9 7 7 8 8 8
2005-02-27,05022,0 7 1 4 3 2 6
2005-02-25,05021,9 8 8 7 8 6 0
2005-02-22,05020,8 0 8 3 0 9 3
2005-02-20,05019,6 9 9 0 1 5 1
2005-02-18,05018,8 1 3 3 8 7 9
2005-02-08,05017,6 0 2 1 3 6 1
2005-02-06,05016,5 0 0 7 3 3 2
2005-02-04,05015,1 0 0 8 8 3 2
2005-02-01,05014,6 1 4 5 0 2 3
2005-01-30,05013,8 8 7 1 9 8 2
2005-01-28,05012,2 4 3 1 9 4 6
2005-01-25,05011,7 3 7 2 7 4 9
2005-01-23,05010,6 1 9 7 1 1 0
2005-01-21,05009,4 8 2 2 6 6 1
2005-01-18,05008,9 5 8 2 0 6 9
2005-01-16,05007,1 9 9 0 1 3 3
2005-01-14,05006,7 0 0 3 1 2 8
2005-01-11,05005,4 3 3 5 6 7 9
2005-01-09,05004,8 7 3 7 7 8 9
2005-01-07,05003,8 5 2 8 2 3 2
2005-01-04,05002,8 2 4 7 6 2 1
2005-01-02,05001,1 1 4 5 5 4 4
2004-12-31,04197,2 0 3 4 3 3 0
2004-12-28,04196,2 4 8 4 4 6 5
2004-12-26,04195,8 1 3 0 7 4 1
2004-12-24,04194,0 0 4 1 5 4 2
2004-12-21,04193,8 1 3 9 5 8 6
2004-12-19,04192,3 1 7 0 8 2 4
2004-12-17,04191,2 9 4 7 6 9 9
2004-12-14,04190,7 5 4 5 8 1 9
2004-12-12,04189,4 8 1 6 8 2 7
2004-12-10,04188,9 1 4 8 3 8 3
2004-12-07,04187,8 1 0 9 3 1 8
2004-12-05,04186,6 1 2 9 9 8 7
2004-12-03,04185,4 4 4 5 1 7 7
2004-11-30,04184,0 0 3 2 3 2 2
2004-11-28,04183,4 3 6 4 1 6 6
2004-11-26,04182,4 4 1 8 0 9 0
2004-11-23,04181,5 2 6 2 2 5 4
2004-11-21,04180,4 4 3 2 4 8 7
2004-11-19,04179,7 1 8 3 2 8 0
2004-11-16,04178,3 1 7 3 8 7 5
2004-11-14,04177,1 9 2 8 8 2 7
2004-11-12,04176,1 5 0 6 8 0 0
2004-11-09,04175,4 1 5 2 4 0 3
2004-11-07,04174,0 7 1 1 3 2 0
2004-11-05,04173,4 7 3 0 4 3 7
2004-11-02,04172,0 0 8 6 1 3 7
2004-10-31,04171,8 6 2 2 1 0 5
2004-10-29,04170,0 9 6 8 5 6 5
2004-10-26,04169,5 3 3 4 6 3 0
2004-10-24,04168,9 9 1 2 9 5 3
2004-10-22,04167,4 0 6 5 0 7 1
2004-10-19,04166,0 5 6 3 6 9 1
2004-10-17,04165,6 3 6 1 8 4 9
2004-10-15,04164,7 3 5 9 1 4 7
2004-10-12,04163,0 0 8 8 3 5 5
2004-10-10,04162,0 7 7 5 9 1 6
2004-10-08,04161,8 8 5 0 1 3 4
2004-10-05,04160,7 0 4 3 5 4 3
2004-10-03,04159,9 2 3 4 3 9 5
2004-10-01,04158,2 5 1 4 9 4 8
2004-09-28,04157,2 8 2 4 0 5 5
2004-09-26,04156,9 8 0 9 9 3 1
2004-09-24,04155,5 6 2 2 4 6 7
2004-09-21,04154,9 4 0 7 3 2 5
2004-09-19,04153,4 5 3 4 9 2 5
2004-09-17,04152,3 7 0 8 4 6 8
2004-09-14,04151,3 5 1 7 6 4 9
2004-09-12,04150,3 9 6 6 1 1 8
2004-09-10,04149,6 3 1 2 5 6 2
2004-09-07,04148,2 2 9 8 6 0 7
2004-09-05,04147,6 0 0 9 6 5 5
2004-09-03,04146,4 9 6 6 5 2 3
2004-09-01,04145,0 7 8 4 1 2 1
2004-08-29,04144,3 9 1 5 8 7 9
2004-08-27,04143,3 3 1 6 3 3 4
2004-08-24,04142,3 3 2 0 5 0 1
2004-08-22,04141,4 2 1 0 5 8 6
2004-08-20,04140,4 8 2 1 2 6 3
2004-08-17,04139,6 5 7 7 0 6 2
2004-08-15,04138,8 0 2 7 6 6 2
2004-08-13,04137,0 8 3 4 9 6 9
2004-08-10,04136,4 3 6 0 0 9 2
2004-08-08,04135,5 2 4 9 4 4 9
2004-08-06,04134,7 8 0 0 1 5 3
2004-08-03,04133,1 3 4 0 4 8 2
2004-08-01,04132,2 3 0 5 5 0 0
2004-07-30,04131,8 1 1 1 5 1 6
2004-07-27,04130,7 6 9 2 8 0 1
2004-07-25,04129,7 8 2 2 7 0 2
2004-07-23,04128,2 1 4 2 5 8 4
2004-07-20,04127,7 6 1 4 0 7 7
2004-07-18,04126,1 2 5 3 3 1 6
2004-07-16,04125,7 6 8 7 4 7 6
2004-07-13,04124,6 9 6 9 5 0 8
2004-07-11,04123,7 3 6 2 9 5 5
2004-07-09,04122,7 5 4 6 9 6 7
2004-07-06,04121,2 6 7 8 0 5 9
2004-07-04,04120,8 8 9 4 3 4 1
2004-07-02,04119,2 6 3 8 7 1 9
2004-06-29,04118,3 8 9 2 9 9 4
2004-06-27,04117,9 5 9 1 5 4 4
2004-06-25,04116,3 0 3 9 8 1 6
2004-06-22,04115,0 7 4 0 2 6 0
2004-06-20,04114,1 1 2 5 4 3 6
2004-06-18,04113,3 2 5 7 4 6 5
2004-06-15,04112,7 1 1 4 5 3 2
2004-06-13,04111,3 8 7 6 4 5 6
2004-06-11,04110,3 9 9 5 7 1 3
2004-06-08,04109,4 3 9 1 3 3 0
2004-06-06,04108,0 7 2 4 6 8 2
2004-06-04,04107,4 7 4 3 2 6 9
2004-06-01,04106,0 7 2 1 0 1 1
2004-05-30,04105,2 7 1 9 2 4 4
2004-05-28,04104,1 2 1 9 9 4 6
2004-05-25,04103,8 7 0 5 4 2 6
2004-05-23,04102,4 1 7 6 9 3 6
2004-05-21,04101,8 5 5 8 5 1 1
